Name,URL,Formed,Street,City,State,Zip
Runolfsson-Pouros,http://hermanbeier.com/,6/18/1993,96510 Senger Lane Suite 204,New Alver,MP,25455
Moen-Fay,http://www.reynolds.com/,11/3/2010,492 Veum Summit Apt. 654,New Andonhaven,AL,91608
Reilly Ltd,http://stoltenberg.com/,4/7/2006,13905 Mann Mission Apt. 183,DuBuquefort,MP,88660
Wisoky Ltd,http://www.kunze.biz/,1/12/2003,047 Purdy Shoals,North Veraville,CT,47647
Jenkins LLC,http://www.rau.com/,3/15/1998,1360 Riley Club Suite 329,North Calliefurt,MO,62399
Larson-Bauch,http://www.denesik.org/,11/12/1979,7892 Williamson Stravenue Apt. 097,South Jessborough,AS,51543
Price-Roberts,http://www.hageneschamplin.biz/,7/26/1975,06858 Sawyer Point,Gayberg,AK,75190
Mosciski Group,http://www.prosaccohayes.com/,8/2/2010,4040 Jerde Junctions,Kamilaton,KY,61657
"Gerlach, Willms and Johns",http://www.padberg.com/,2/14/1987,389 Carmel Freeway Apt. 548,South Jamel,AL,84531
Cormier Group,http://www.heaneyhaley.org/,10/5/1971,4771 Juan Pike Suite 486,South Lanettechester,CA,43723
McCullough and Sons,http://purdy.org/,1/25/1985,034 Brenda Trail,East Rod,OR,75165
Weimann and Sons,http://mcglynn.com/,6/2/1983,402 Sylvanus Garden Suite 776,East Rossieshire,TX,56111
Pacocha Inc,http://ward.info/,11/7/1971,8317 Oneida Islands Apt. 784,Ridgeland,DC,93415
"Bruen, Kunde and Friesen",http://www.baumbachhettinger.com/,7/26/2006,8073 Corwin Terrace,West Dorettaville,MS,41045
Waelchi Inc,http://tremblay.org/,1/29/1983,28694 Konopelski Bypass Suite 426,East Clementineberg,ID,6970
Swaniawski and Sons,http://www.hayesharvey.com/,2/10/1978,3524 Huel Lakes,Thielchester,HI,39833
Jenkins Ltd,http://www.ullrich.info/,2/2/1983,631 Pfeffer Land Apt. 113,East Alystown,NM,9583
"Denesik, Volkman and Streich",http://schuppe.com/,12/23/1980,402 Wolff Mission,Windlerborough,NY,28577
Borer LLC,http://www.oharaboyer.org/,12/13/1970,88275 Monahan Brook Apt. 326,Shalondaside,WI,87577
Auer-Wehner,http://www.crist.com/,11/27/2005,32823 Karis Mountain,Solonfort,MD,47878
"Bosco, Lebsack and Leffler",http://pagaclubowitz.biz/,8/30/2015,739 Ottilie Street,Talmadgefort,IL,53457
Doyle-Breitenberg,http://www.gottliebhuels.com/,1/25/1978,5985 Schamberger Island,New Camilo,IA,4936
Vandervort-Kihn,http://farrell.com/,10/14/1982,434 Hegmann Hollow,West Simone,DE,50967
Weber LLC,http://www.hammes.com/,3/6/1995,160 Ankunding Pass,West Florrieborough,MI,41421
"Abernathy, Nitzsche and Williamson",http://www.white.biz/,8/21/1985,618 Benito Path,Coltland,NE,9634
Nienow PLC,http://kreigerhuel.com/,9/4/1990,161 Levie Curve Suite 418,Sanfordbury,CT,28560
"Lesch, Nolan and Marks",http://leannon.biz/,1/25/1987,513 Adams Throughway Apt. 794,Cartwrightborough,WI,24428
Abbott Ltd,http://www.millerkihn.info/,1/7/1996,341 Mosciski Unions,East Taniyamouth,VT,95437
Kautzer Inc,http://oconnell.com/,10/26/1986,9471 Buckridge Lakes,Lake Eliseo,NJ,40316
Daugherty-Altenwerth,http://blick.net/,3/19/1992,562 Author Square,South Donta,PA,95323
Stroman-Gaylord,http://www.bernhard.biz/,10/9/1996,389 Reginal Tunnel,Douglasview,AZ,9755
Kulas Group,http://kilback.com/,3/24/1988,268 Kaylin Trail Apt. 969,North Forest,GU,18213
"Brakus, Mills and Larson",http://www.greenholt.com/,1/31/2007,1893 Heathcote Run,Giovannatown,OH,26168
Schimmel Ltd,http://cruickshankgrant.org/,12/14/2008,56749 Jayce Trail Suite 667,Karinafurt,RI,45447
Labadie-Morar,http://metzdare.com/,10/27/2007,04413 Bins Squares Apt. 273,Lake Nakia,HI,96918
"Parisian, Jacobi and Ankunding",http://bins.com/,4/6/2007,23745 Minor Forks Suite 271,Bevstad,HI,93828
Gerhold-Monahan,http://www.bogisich.com/,3/31/2011,716 Stacia Ports,Wynonabury,MH,12341
Kilback Inc,http://www.dubuque.com/,7/3/1989,1563 Goldner Avenue Suite 545,Port Elsworthchester,NV,73397
Kassulke-Gibson,http://tillmanvonrueden.info/,7/26/1976,24846 Isai Branch,Boscofurt,IA,64141
Labadie Ltd,http://kuhneichmann.com/,1/17/1995,08860 Lyle Gardens,Hudsontown,FM,80145
Vandervort-Fay,http://marksgottlieb.com/,11/1/1981,72619 Lindgren Trail,Feilbury,MT,48470
Jast-Wiegand,http://schaden.biz/,5/30/1983,0095 Ernser Plaza,New Enzobury,NE,16223
"Rolfson, Lockman and Williamson",http://cummeratakulas.biz/,10/15/1982,900 Ova Falls,East Elta,DC,28213
"Hintz, Schmidt and Kuhn",http://rau.biz/,5/15/2004,494 Malcom Prairie,West Drew,WV,5766
Green LLC,http://mertz.com/,4/28/1976,6013 Bins Shoals Suite 372,Jacobsview,AK,57883
Hermann-Nader,http://www.harber.info/,7/8/1997,676 Romaguera Loaf Apt. 642,Johnsonmouth,TX,27851
Hyatt LLC,http://www.williamsontrantow.com/,10/21/1992,44881 Stacey Union,Kuntashire,NM,88091
"Lindgren, Corkery and Gutkowski",http://www.wolff.com/,7/19/2010,6896 Grant Springs Apt. 021,North Tracy,MH,61434
"King, Osinski and Hartmann",http://champlin.com/,12/11/1970,889 Dahlia Parks Apt. 452,Daiseyport,NV,928
"O'Conner, Ernser and Haley",http://wunschupton.com/,6/1/2014,44987 Mena Gardens Apt. 820,Gladycestad,HI,27388
"Johnson, Kemmer and Konopelski",http://rempel.org/,6/8/1975,647 Daryn Islands Suite 658,New Mart,MP,27371
"Spinka, Wiza and Nolan",http://www.olson.com/,3/3/1975,16418 Dicy Burg Suite 991,New Rosabellebury,OH,19185
"Rosenbaum, Watsica and Borer",http://www.hermanframi.com/,6/2/1976,346 Hamill Junction Apt. 674,Lake Kristiburgh,AZ,92195
"Brown, Padberg and Okuneva",http://www.gulgowski.com/,6/14/1984,26003 Stoltenberg Square,North Anaya,IN,70555
Maggio Ltd,http://www.olson.biz/,6/1/1995,59597 Lenore Mountain,East Edberg,NJ,32061
Kulas-Hoeger,http://www.lynch.info/,6/18/1988,45358 Cappie Via,Lake Jadenshire,OH,14410
Terry-Koepp,http://www.schumm.net/,7/10/1993,3473 Hayden Road Apt. 597,Arleneside,MS,25068
Leuschke Inc,http://considinespinka.com/,10/15/2009,254 Shirlene Cape Apt. 149,Port Laurine,DE,6174
Altenwerth-Hodkiewicz,http://jonesbechtelar.com/,8/8/2006,79378 Heller Village Apt. 093,North Britanychester,AK,41864
"Kub, Schulist and Moore",http://howe.com/,10/8/2013,84907 Cappie Cove Apt. 679,West Kristoferborough,IA,52983
Boyle-Cormier,http://schaeferbreitenberg.info/,4/24/2009,7428 Gracia Mountain,South Britt,HI,87411
Hamill PLC,http://homenick.com/,12/6/1996,723 Rodger Lodge Suite 385,Colebury,NC,61410
"Lubowitz, Barton and Witting",http://collins.biz/,8/26/2013,238 Stamm Divide Suite 405,North Bufordburgh,MD,49091
Wilderman Inc,http://powlowskibayer.info/,1/22/2007,666 Kozey Run Suite 027,Port Kraig,MA,73438
Harris and Sons,http://eichmann.com/,4/11/1973,2750 Bode Roads,Grahamton,AS,36970
"Greenholt, Langworth and Lindgren",http://www.welch.com/,11/17/2003,24757 Williamson Ports,East Tracy,AR,2443
Will-Schimmel,http://www.murphy.com/,7/9/1988,972 Tillman Square,New Malcolm,VA,56146
Predovic-Stoltenberg,http://www.bayer.info/,1/9/1990,8758 Hulda Rue,Kossville,OR,27893
"Batz, Moen and Bins",http://mosciskigleason.com/,8/12/1972,107 Zemlak Canyon Apt. 585,South Miya,MD,44363
Aufderhar Inc,http://www.prosacco.com/,5/11/1970,50374 Upton Cove Apt. 709,East Wendi,MH,9439
"Gleichner, Becker and Herman",http://www.jacobs.com/,7/4/1974,329 Brekke Hollow,Mullerchester,WY,50823
"Lehner, Huels and Torphy",http://www.ledner.com/,12/17/1971,57653 Camila Track,South Elvinamouth,PR,65224
Cartwright-Roob,http://www.metz.com/,2/15/1980,6528 Reichel Landing Apt. 100,Gusikowskiport,OK,37013
Medhurst Inc,http://lubowitz.com/,3/14/2010,06392 Curtis Ridge,East Audrianna,GA,65295
Pacocha-Feeney,http://www.keeling.com/,10/30/1983,46101 Loretto Lodge Suite 344,New Ethyle,CT,11713
Cummerata-Willms,http://www.okon.com/,5/11/2009,1587 Jinnie Shores Suite 077,East Sophiaview,WY,32829
"Reinger, Larkin and Doyle",http://www.rau.com/,1/14/2005,55089 Joaquin Lock,Blandamouth,HI,3333
DuBuque-Spencer,http://www.pfeffer.com/,12/6/1995,7743 Gleichner Causeway Apt. 977,Kayleighstad,NC,77940
"Pagac, Feeney and Heaney",http://www.kertzmann.com/,1/15/2014,4238 Braun Locks,East Kimstad,OK,7591
"Davis, Feeney and Hartmann",http://okeefedeckow.com/,9/30/2010,23086 Gibson Estates,Emogenechester,AL,30768
Jerde-Miller,http://www.hermistondach.com/,7/22/1996,0187 Aliza Grove,West Isabellfurt,TN,706
Yundt LLC,http://www.sipes.net/,4/15/1991,507 Katharyn Landing Suite 982,East Else,AZ,10677
Cronin LLC,http://www.blick.net/,12/23/2005,09379 Pfeffer Throughway Suite 790,North Sidneyport,NH,50621
Dickens-Bergstrom,http://bednar.com/,8/30/1987,70574 Lakin Points Suite 407,East Hosteen,FL,83348
Lowe-Ratke,http://walsh.com/,12/6/1980,0177 McDermott Vista,East Red,ME,81559
"Torp, Hackett and Ondricka",http://will.com/,9/16/1992,550 Murazik Keys Apt. 184,Parkermouth,WI,1400
Hahn-Mante,http://johnston.com/,9/18/1992,43262 Geraldine Place Suite 100,Nitzscheview,MH,91208
"Daugherty, Balistreri and Schmitt",http://beckerbode.com/,8/26/1975,194 Son Stravenue,North Bud,NH,9230
"Stanton, Rath and Crona",http://www.anderson.biz/,12/30/1982,1319 Corwin Crossing,East Kindraville,RI,18985
Parisian-O'Connell,http://rodriguez.com/,10/3/1976,6829 Stamm Walk,Kaylenefort,AL,76732
Beatty Inc,http://kuhlmanvonrueden.net/,3/28/1994,1689 Sawayn Trace Suite 181,Ferrybury,WY,61781
"Bednar, Simonis and Tremblay",http://www.robel.info/,4/13/2002,585 Upton Port,Kassieborough,UT,91352
Quigley and Sons,http://littel.com/,12/21/1989,0463 Adams Curve,North Deasia,WI,53540
Stoltenberg-Bernier,http://lehner.com/,12/8/2010,223 Bella Motorway Suite 749,West Tawnyborough,WI,41521
Jaskolski-Rohan,http://howe.com/,11/12/1984,0223 Chanie Causeway Suite 907,East Damari,PA,71850
Eichmann Ltd,http://nikolausherman.info/,6/3/1997,830 Ruthanne Isle Suite 120,Ratkeside,DC,95755
"Murphy, Morar and Schmidt",http://www.herzog.org/,7/11/2002,156 Octave Locks,Cledachester,FL,3775
"O'Kon, Rohan and O'Connell",http://fisher.org/,2/21/1986,2680 Makaila Parkways,Lake Joanashire,IN,59476
"Sporer, Terry and Bauch",http://flatley.com/,5/1/1977,21482 Jayson Roads Apt. 116,North Kristal,NE,69869
"Powlowski, Metz and Kassulke",http://williamsonrippin.com/,3/20/2007,9328 Murazik Corners,West Viola,NE,88564
Franecki-Green,http://www.heidenreich.com/,11/24/1979,6923 Sauer Glen,Pageland,AK,98468
Lockman-Upton,http://www.pfannerstillgislason.com/,5/30/1983,573 Kuvalis Lane Suite 673,Lake Lillerview,OK,1124
"Towne, Stroman and Predovic",http://www.rippinkling.biz/,7/10/2003,98226 Eddie Turnpike,Lake Wyliehaven,MD,35117
Hayes LLC,http://www.prohaskabarrows.net/,2/8/1984,5844 Lesch Stravenue,North Candytown,GA,33659
"Hauck, Braun and Smitham",http://franeckibartoletti.com/,8/1/1991,2493 Hence Hill Suite 476,Jonnaburgh,AZ,64559
"Lindgren, Fritsch and Armstrong",http://www.emardauer.info/,10/1/1999,447 Cynthia Manor,Chaunceyshire,AR,52304
Reynolds LLC,http://rodriguez.com/,5/28/1986,95400 Aida Key Apt. 146,Stokesland,NJ,76712
O'Keefe LLC,http://brown.com/,3/13/1980,22075 Marquardt Valleys Suite 442,Hesselbury,AK,51861
Ortiz-Stroman,http://www.boyer.biz/,1/23/1974,176 Lyle Tunnel,Port Emiliano,VA,35707
"Cummerata, Anderson and Rogahn",http://eichmannkertzmann.com/,12/3/2000,76414 Miracle Fork,Raquanborough,CA,24155
Runolfsdottir PLC,http://www.schmidt.com/,8/27/1974,13861 Mosciski Throughway,East Amirport,TX,64118
Reichert-Lubowitz,http://www.christiansenrodriguez.com/,8/9/1980,097 Edward Summit,Hamzashire,AK,81455
"Rice, Cummings and Huels",http://hoegerherzog.com/,12/7/2005,9606 Boyle Loaf,Schowalterton,IA,17638
"Dooley, Fay and Crooks",http://huels.com/,10/17/1996,3057 Trudie Lodge,West Bula,TX,90638
Hyatt Group,http://www.monahan.net/,12/16/2005,724 Fitzhugh Keys,East Tariq,NC,58206
"Boyle, Quitzon and Willms",http://www.davis.com/,6/13/1970,74056 Olan Ways,Kozeyside,MS,53591
"Veum, Baumbach and Dibbert",http://gerhold.info/,2/17/1999,4738 Halvorson Harbors Apt. 312,Schoentown,AS,94842
Quitzon Inc,http://cartwright.com/,5/21/1990,697 Kunze Loop,Considineside,UT,22162
Herman-Predovic,http://runolfsson.com/,11/21/2011,49304 Charlene Via,Mrazberg,OK,92469
"Weissnat, Leffler and Zboncak",http://wymanmurray.biz/,6/13/2013,49827 Koepp Key,Harveystad,VA,97063
Windler Ltd,http://www.bosco.org/,9/14/2007,988 Enrico Brook Suite 175,South Caryside,CA,84428
"Koepp, Gutmann and Pfeffer",http://www.harris.com/,12/10/2004,6103 Garth Road,South Kendall,WA,18449
Swift-Douglas,http://www.mcculloughsauer.net/,9/11/2007,799 Yundt Rue,Lake Rory,FM,63504
Smith and Sons,http://frami.com/,6/3/1984,24385 Kris Row Suite 692,South Flonnie,NE,35227
Schowalter PLC,http://braunkoelpin.com/,9/2/1993,36917 Schamberger Loop,Kunzeburgh,WI,78389
Zemlak Ltd,http://mohr.com/,1/23/1985,49046 Americo Ports Suite 147,East Brandon,CT,96781
McLaughlin-Ullrich,http://wiza.org/,11/25/2012,727 Kovacek Grove Suite 056,East Karly,MN,77999
Langworth-Gulgowski,http://marquardt.net/,9/11/2004,875 Little Courts Apt. 639,Ximenafurt,MP,79496
"Waelchi, Bednar and Cruickshank",http://gusikowski.info/,2/9/1970,57511 Ledner Pike,Priceview,AS,52902
Predovic Inc,http://vandervort.net/,3/7/2000,7584 Waters Plaza,Lake Finneganshire,GU,73004
"Brakus, Hyatt and Kozey",http://littelbosco.info/,5/13/2004,44808 Jeanmarie Lock,Keeleymouth,RI,24591
Little-Block,http://www.klocko.com/,5/10/1990,9209 Bechtelar Walk,Bernierborough,KS,67525
"Bogan, Hammes and O'Connell",http://mclaughlinwitting.net/,9/18/2010,0002 Ruffin Rue Apt. 407,Lake Long,MT,95489
"Donnelly, Sawayn and Gislason",http://www.grady.org/,9/4/1981,800 Beier Keys Suite 253,North Brendantown,NY,61517
Herman Ltd,http://leannon.biz/,11/15/1978,63778 Male Key Apt. 746,Beerhaven,OR,93764
"Lindgren, Schoen and Beatty",http://weberbarrows.com/,1/15/2011,06882 Vickie Villages,Lake Emilehaven,NV,9778
Murphy-Considine,http://weissnat.com/,10/5/2009,088 Dickinson Club Suite 740,West Janelstad,SD,15442
Treutel-Oberbrunner,http://mcdermottebert.biz/,4/3/1977,4245 Carly Junctions Suite 292,South Angelique,MN,8361
Wyman PLC,http://fay.com/,7/23/1979,7895 Boyer Parkways,West Ima,UT,31548
"Heller, Johns and Dickinson",http://www.brakuswest.com/,12/8/2004,4561 Alto Prairie Apt. 690,New Zettiemouth,TX,63113
Keeling and Sons,http://botsford.com/,10/10/2002,26263 Balistreri Knolls,Predovicland,MT,90339
Abbott Inc,http://www.mantestamm.biz/,5/27/2003,06965 Lynch Pines Apt. 633,Colbertmouth,TN,17212
Pagac-Monahan,http://www.jacobsondenesik.com/,5/11/1987,8968 Jann Harbor,Carrollton,AL,27270
Buckridge-Lemke,http://www.nienow.info/,3/1/1989,190 Reece Course,Roselynside,VI,62163
"Gislason, Murphy and Hagenes",http://www.zieme.com/,4/4/2005,37531 Debroah Mount Apt. 591,West Lemon,AZ,74028
"Boyle, Stamm and Welch",http://pollich.com/,3/14/1992,7445 Stefani Motorway Suite 374,Ginnyville,FL,99854
Denesik-Breitenberg,http://www.cartwright.com/,10/9/1995,812 Powlowski Road Apt. 091,Durganmouth,MH,34093
Cassin Ltd,http://www.gleason.com/,11/7/1991,13966 McClure Hollow Apt. 593,Ryanchester,LA,78677
Ryan Group,http://www.roberts.com/,8/12/2007,439 Susan Plain Suite 703,Suzetteview,UT,32490
Dickens LLC,http://www.haucktromp.com/,12/24/1973,2167 Hirthe Common,North Veta,RI,51258
"Bashirian, Gleason and Kling",http://www.vonrueden.net/,12/19/1974,45835 Ora Greens Apt. 140,South Lum,TN,23703
Raynor PLC,http://kunde.biz/,7/31/1970,090 Barrows Junction Apt. 738,East Laraine,WA,3759
Ullrich and Sons,http://lubowitzkuhic.org/,6/14/1976,87867 Fritsch Lock,Hillborough,NM,62389
Hilpert Ltd,http://www.larsonebert.com/,1/21/1985,5468 Zachary Squares Suite 983,Shawnside,UT,22641
Oberbrunner Group,http://bergeaufderhar.com/,2/25/1988,358 Stehr Keys,East Maximview,AL,10088
"Eichmann, Marvin and Gleason",http://www.howellgibson.net/,11/23/1989,0866 Krajcik Brook Apt. 290,Hillaryport,SD,17192
"Pouros, Ziemann and D'Amore",http://www.jastaufderhar.com/,3/15/1988,05998 Jessi Forest,Kelisport,SD,96857
Kling-Nitzsche,http://beattycummerata.biz/,12/11/2008,754 Brandy Corners,D'Amoreville,OR,5585
"Grant, Kertzmann and Marvin",http://goodwinchristiansen.com/,2/19/1979,34153 Lonnie Center Suite 930,West Spring,FM,94614
Pacocha-Cronin,http://www.schmeler.info/,8/25/2013,8922 Destry Mission,O'Haraville,MP,20171
Collins PLC,http://www.towne.net/,11/16/2010,30352 Joanne Plaza Apt. 417,New Nildaberg,NH,86435
"Bogan, Roberts and Sporer",http://mertzbartell.biz/,2/20/1999,370 Marvin Road,Arteliaton,NH,53833
Bayer-Ryan,http://bahringer.info/,6/21/1989,539 Bailey Centers,Schuppechester,AK,63637
"Abbott, Haag and Rutherford",http://www.weimann.com/,10/4/1993,656 Blick Camp,South Halie,SD,965
"Schamberger, Dibbert and Wiegand",http://purdypredovic.org/,4/10/1996,537 Kaya Meadow,Mozellechester,IA,79395
Kshlerin LLC,http://volkmanzulauf.net/,7/11/1983,1190 Botsford Meadow Suite 764,East Cayleechester,MA,83569
Olson-Corkery,http://www.hicklewisoky.biz/,6/10/1994,89372 Manuela Drive,Hermannfort,KS,76902
"Zulauf, Howe and Price",http://zulauf.net/,2/28/2015,9174 Koepp Track Suite 547,South Uriel,ME,8525
Huels-Batz,http://marvin.info/,12/25/1998,3058 Malia Radial Apt. 007,Wallyburgh,AL,15523
"Koepp, Witting and Walter",http://lynchrath.com/,1/27/2006,674 Cyril Ridges Apt. 465,South Audra,AK,97341
"Waelchi, Mills and Yundt",http://gloverquigley.com/,10/11/2005,78080 Kaylyn Creek,North Anson,FM,99895
Witting Inc,http://emmerich.info/,11/28/2011,052 Lueilwitz Viaduct Suite 418,Amasafort,CA,76596
Stoltenberg Group,http://www.gislasonmcdermott.net/,2/13/2007,2705 King Parks,Port Kennedy,NV,68531
Barton-Grant,http://www.sporerbailey.com/,12/10/2014,82885 Tatianna Brook Apt. 714,New Goldenville,WI,3453
Bayer LLC,http://www.gerhold.net/,12/13/2007,997 Martin Parkways Suite 641,Terryborough,CA,23584
McClure-Schneider,http://runteoreilly.biz/,5/24/1988,1164 Baby Glen,West Cass,WA,96467
Langosh Ltd,http://www.rohan.com/,4/4/2002,911 Sierra Trace Suite 366,Brekkefort,ID,60354
O'Keefe-Little,http://pollich.info/,9/5/1982,79519 Smith Brooks,Riannaport,NE,90542
"Skiles, Beier and Legros",http://www.blick.org/,2/13/1977,50626 Douglas Court Apt. 111,Keanuberg,OH,24527
"Powlowski, Towne and Tremblay",http://www.jacobson.com/,11/27/1989,038 Floretta Fords Apt. 405,Lake Joell,IN,74467
Kulas-Schowalter,http://wisoky.net/,9/23/1996,14539 Fadel Estates Apt. 336,North Fernburgh,NE,54344
"Trantow, Upton and Koss",http://bashirianstoltenberg.com/,7/23/2015,2228 Crona Run,Montieberg,NV,16081
Corwin-Skiles,http://www.waelchi.com/,7/2/2003,883 Johns Square,Shieldsstad,FL,86887
"Frami, Brown and Schamberger",http://www.thompson.biz/,11/14/1986,56005 Oberbrunner Street Apt. 866,Clarisahaven,CO,30374
"Rutherford, Hintz and Torp",http://trantowmohr.biz/,11/26/1986,6469 Mayert Alley Suite 940,West Zaria,IN,75407
"Walter, Prohaska and Hoeger",http://trantow.com/,2/14/1976,0014 Manuela Springs Apt. 494,Lake Cherylbury,GU,91196
Rau Ltd,http://www.pfeffer.com/,8/16/1973,4978 Stoltenberg Lodge,East Dessa,PA,30203
Bergstrom PLC,http://www.zemlak.com/,5/22/2014,762 Elmer Cliffs Suite 445,Lake Lue,IN,26017
Zulauf-Considine,http://www.paucek.com/,5/1/2004,211 Louie Drive,East Cecilville,FM,64291
Hegmann PLC,http://www.kautzer.com/,5/18/2001,70142 Vandervort Station,Addieshire,DE,99264
Pfannerstill-Ratke,http://www.smith.com/,10/28/2013,847 Pfeffer Coves,New Roderickville,UT,33566
"Littel, Streich and Lindgren",http://fayboyle.net/,9/12/1981,87960 Chance Extension,Rempelland,MD,44169
Gleichner PLC,http://pfannerstillanderson.com/,10/28/1985,429 Turner Meadow Apt. 061,East Berton,CA,17891
"Mertz, Schmitt and Thompson",http://abernathy.com/,10/16/1980,83198 Lubowitz Junctions,New Maryjo,FL,57889
"Mante, Vandervort and Feil",http://www.dubuque.com/,2/20/2009,62314 Kala Freeway,Port Marcie,ND,47711
Reynolds-Barrows,http://wiza.net/,4/21/1984,4683 Chester Lane Apt. 889,Hirthestad,NY,65140
O'Connell Ltd,http://watsica.info/,11/10/2009,8199 Schulist Court,North Greciamouth,KS,19607
Volkman Ltd,http://www.mueller.com/,7/29/2006,784 Herman Ramp Suite 362,West Kaiya,CA,31359
Effertz and Sons,http://www.johnshuel.info/,10/28/1996,3916 Cummings Common Suite 448,Timmybury,NH,20499
"Hammes, Doyle and Beatty",http://www.johnston.org/,9/19/2002,0279 Hoppe Crossing,New Babetteberg,MO,53529
Borer-Mann,http://www.nitzschelarson.biz/,1/28/2001,09864 Haag Springs,West Tillaville,WV,16151
Harvey-Harvey,http://jacobiheaney.com/,3/10/1980,7997 Ivonne Knoll,Hamiltonville,CA,70374
Herman PLC,http://www.nitzsche.biz/,4/26/2008,624 Daugherty Way,Port Colonelmouth,OK,66949
Wilkinson PLC,http://ullrich.biz/,3/18/1975,711 Schulist Mills Apt. 815,New Irisshire,AS,95951
Dickens and Sons,http://skilesratke.com/,2/7/2002,58068 Roscoe Rest,West Candicebury,GU,28872
Schroeder and Sons,http://emmerich.com/,11/15/1988,852 Tania Forks Apt. 009,Hellerhaven,NH,40890
Quitzon Inc,http://www.grimes.biz/,9/1/2013,521 Ima Road Apt. 850,East Marleigh,PA,22039
Conn-Jones,http://kreiger.com/,5/21/1973,02462 Gulgowski Route,Lake Kadenside,KY,1501
Baumbach-Turner,http://bins.com/,2/18/2011,96414 Mueller Plaza,Bruenstad,GU,2903
Breitenberg-Stokes,http://www.gorczanylemke.com/,3/3/1993,22101 Hurley Locks,Beahanberg,MS,7802
Dooley-Fisher,http://schaden.com/,1/22/2009,26173 Brandy Gardens,Champlintown,OK,36457
"Flatley, Moen and Lynch",http://www.king.com/,8/13/1985,64915 Schneider Wells,Tracymouth,NY,69606
"Klein, Jaskolski and Schmitt",http://bogisichframi.com/,10/9/1982,109 Bogisich Crossroad,New Dirk,SC,78729
Larkin and Sons,http://kertzmann.net/,12/28/1984,180 Yost Station,Mrazfurt,NH,90643
Kemmer-Harber,http://www.hessel.com/,9/9/2012,34138 Allisson Well Apt. 712,North Aminaville,FM,12780
"Kautzer, Bahringer and Gulgowski",http://www.homenick.com/,6/7/1998,960 Perry Forks Suite 532,West Ninnieside,NC,11292
"Yost, Stamm and Veum",http://gleasonmante.com/,2/21/2009,8171 Price Lights Apt. 876,Effertzland,MN,56422
Bogan and Sons,http://www.greenholtrenner.com/,5/19/2005,15739 Wash Street Apt. 263,Blancheburgh,OR,65834
"Rath, Stark and Sipes",http://www.roobhilll.com/,9/2/1978,0545 Tarik Extensions Suite 909,Reginalmouth,AL,5091
Connelly PLC,http://jaskolski.com/,6/24/2002,207 Lindgren Streets Apt. 923,Dibbertfurt,MO,90194
Robel-Roob,http://stiedemann.biz/,11/6/1997,6800 Lehner Meadow,Greenholtshire,ME,81043
"Kling, Halvorson and Nader",http://www.kertzmannkulas.biz/,9/18/1999,64811 Gussie Avenue Apt. 953,North Winnifredmouth,IA,27792
Huels-Price,http://www.heidenreich.info/,5/12/1989,333 Carroll Roads,Metzfurt,LA,68295
Keebler-Crona,http://www.kassulkewhite.org/,10/4/1973,12914 Waelchi Loaf Suite 246,Gutmannton,MT,48761
Wisozk-Rippin,http://larsonnikolaus.org/,12/12/2010,99826 Lular Hill,Robelport,NC,82428
Legros-D'Amore,http://hickle.net/,10/31/1973,2579 Lillianna Station,Thosshire,MP,62885
Rippin and Sons,http://www.sawayn.com/,4/30/1983,2458 Lura Forest Apt. 645,Elieport,NJ,67054
Mohr-Bogan,http://larson.com/,5/14/1979,25792 Verona Isle,Port Hildredside,SD,89210
Berge Inc,http://gutmannschaden.com/,10/8/1982,7530 Rhona Ferry Apt. 984,Kodaport,FL,26311
"Treutel, Barton and Hegmann",http://klingjast.info/,1/9/1986,819 Amalie Falls,South Cheyanne,NY,75101
Buckridge Ltd,http://www.lindwilliamson.com/,2/25/1979,715 Luana Loop,Douglasberg,LA,40531
Waters-Gibson,http://www.rutherford.info/,11/28/2011,7262 Kiyoshi Harbors Suite 532,Carmashire,CA,31490
Collins and Sons,http://stoltenberg.net/,9/26/1998,446 Jast Passage,Hardenview,RI,47721
Bernier-Lebsack,http://marvinkeeling.com/,7/15/2011,41759 D'Amore Ports Apt. 204,Allenaview,IN,88207
"Abshire, Kohler and Dach",http://murphy.biz/,4/18/2002,81811 Olie Locks,South Kelseamouth,CA,27302
Hackett Inc,http://schadenschmeler.org/,8/16/1988,7012 Kunze Pass Apt. 071,West Vernia,MH,38137
Stehr-Rodriguez,http://fisher.net/,4/6/1991,5751 Grimes Gardens,South Drury,TX,74167
Littel-West,http://shanahan.com/,1/1/1981,38981 Bode Motorway,McLaughlinchester,MO,96228
"Rolfson, Cummings and Wolf",http://www.price.com/,8/27/2000,52454 Connelly Pass Apt. 307,Hencehaven,HI,61660
Zboncak-Zemlak,http://goldner.org/,5/14/1978,6832 Ebert Ridge,Angelomouth,MT,37485
"Kautzer, Ritchie and Stroman",http://www.predovic.biz/,1/20/1996,67306 Vergil Turnpike,Port Susannaburgh,IL,21089
Gottlieb-Jenkins,http://www.effertz.com/,5/30/1998,58805 Barrows Court,Ursulaport,NM,16322
"Gaylord, Stanton and Bruen",http://rosenbaumfisher.com/,9/11/1978,32118 Aiyana Locks Apt. 178,Emmettborough,OH,86656
"Cruickshank, Swaniawski and Gerlach",http://www.pacochakoch.info/,10/9/1971,670 Inger Manors Apt. 540,North Racquelview,SD,71976
O'Conner LLC,http://gorczany.com/,12/28/1983,531 Hudson Road,Kihntown,PA,16283
Koch-Torp,http://www.oreilly.com/,8/17/2002,97106 Koss Tunnel,Reddenstad,GU,41206
Sanford-Shields,http://www.franecki.org/,7/9/1978,3110 Pfeffer Summit Suite 643,New Levon,MD,39518
"Rempel, Beier and Turcotte",http://boehm.com/,4/22/2015,23952 Abernathy Court,Port Eloisbury,OH,16414
"Maggio, Murray and Yundt",http://www.goodwin.com/,9/29/2011,865 Flatley Port Suite 724,East Elyshire,WY,75785
"Schuster, Murphy and Carter",http://www.paucekthompson.net/,2/9/2009,41733 Jayvon Fall Suite 008,Schleyville,GA,14419
Marquardt Group,http://www.gusikowski.com/,10/23/2003,1144 America Islands,Izastad,TX,34265
Greenfelder-Kozey,http://www.block.com/,4/6/1979,4726 Mabell Ramp,West Kysonbury,KY,14875
Hickle-Hintz,http://osinski.net/,9/2/1971,135 Tonya Stream Apt. 511,Port Press,AL,88544
Schuppe PLC,http://www.wintheiser.com/,11/10/1971,0665 VonRueden Overpass Apt. 623,West Marybeth,HI,68527
Tremblay Ltd,http://cremin.net/,10/31/2008,01556 Shafter Street,East Martha,VA,99663
Stanton-Bosco,http://www.breitenberg.org/,6/22/2007,3376 Swaniawski Alley Apt. 268,East Antonettaview,CO,81574
Schinner-Dicki,http://www.moore.org/,5/17/1998,236 Baumbach Keys,South Cheryll,PW,39407
Veum-Frami,http://legrosbrown.org/,12/22/2014,173 Durell Via Apt. 665,Amirahport,IA,53768
"Hane, Reinger and Strosin",http://www.tremblay.com/,4/7/1974,1051 Gaylord Mall Suite 397,Zionville,RI,19131
Wolff and Sons,http://oconnerkreiger.com/,5/2/1987,524 Gayla Ways Suite 667,Port Bishop,IN,52768
Ruecker LLC,http://www.russel.biz/,9/12/1990,1888 O'Keefe Road,North Chayaport,GU,92698
"Bergstrom, Zboncak and Konopelski",http://riceankunding.info/,4/26/1973,2787 Bluford Branch,Port Coralie,GU,48142
King-King,http://www.buckridge.org/,6/8/1973,680 Hermiston Street Suite 801,Mitchellborough,OK,55145
Jacobi-Brown,http://hayeswuckert.net/,12/24/2014,00253 Torp Oval Suite 245,Bergnaumville,MT,62586
Wolf-Muller,http://www.moenbeahan.com/,12/18/2009,34807 Alabama Meadow,Jessehaven,VA,63570
"Hessel, Towne and Haley",http://wunsch.com/,11/28/2003,316 Beatty Village,Kreigerton,CO,94197
Larson PLC,http://funkryan.org/,12/4/1988,9712 Vince Path,Kiyoshiside,MO,60672
"Runte, Ward and Reilly",http://www.wehner.biz/,12/2/2012,8981 Bednar River Apt. 041,Jemimamouth,TN,22287
"Collins, Prohaska and Rice",http://bernier.net/,4/4/2008,484 Abshire Point,East Antione,AK,49117
Strosin-O'Reilly,http://www.sanford.net/,8/16/1999,45549 Kreiger Trail,New Euphemia,MA,42363
Jaskolski Ltd,http://www.jerde.com/,2/20/1974,76552 Barton Crest,East Jerald,RI,36469
"Botsford, Purdy and DuBuque",http://lednergleason.com/,8/18/2015,815 Glover Parkway Suite 978,Port Bethel,CT,10223
Ullrich-Conn,http://www.beer.org/,4/10/1986,03637 Jory Ranch Apt. 769,Lake Darienview,CT,79114
"Ward, Ratke and Armstrong",http://www.muellerauer.com/,5/1/2011,0090 Zulauf Mountain Suite 694,Charlinebury,NH,24484
Koelpin PLC,http://www.lubowitz.com/,9/6/2015,542 Iyanna Causeway,Pauloland,MH,93533
Metz-Kemmer,http://www.langworth.net/,6/10/1974,0456 Daniele Club Suite 765,Grahamburgh,NY,58416
"Botsford, Schimmel and Auer",http://mante.com/,7/23/1982,69660 Lesch Stravenue Apt. 572,Brandieview,OR,5907
Kuvalis-Barrows,http://www.hoeger.com/,1/30/2012,8715 Jonna Knoll,East Giadachester,SD,16216
Herzog-Erdman,http://welch.net/,9/26/1979,679 Shawnee Inlet,West Ethelene,MS,73394
Kuvalis-Reichel,http://kovacek.com/,7/10/1983,219 Clella Valley,North Vivianabury,VI,44807
Gaylord-Price,http://greenfelder.com/,4/15/1975,081 Mollie Mountains,New Linaberg,OK,94602
Lindgren-Dach,http://www.lakin.com/,7/24/1971,9701 Salvador Crossing,Laceyborough,ID,77888
O'Conner-Walsh,http://west.com/,12/24/1983,086 Carter Green Suite 812,New Makenzie,PR,8809
Durgan-Fadel,http://pouroshegmann.biz/,11/12/1978,1728 Hollie Tunnel Suite 697,Destineebury,WA,67526
Metz-Mann,http://www.will.com/,7/8/2015,7418 Bergnaum Wells,Port Alexande,ME,43754
Jones LLC,http://stanton.com/,1/19/1977,35100 Lita Locks Apt. 527,Grantburgh,MA,85627
Schowalter Inc,http://www.will.org/,1/18/1976,564 Botsford Ramp,Lake Shawna,AZ,69909
DuBuque-Miller,http://schneidermann.com/,1/27/2013,715 Bristol Corner,East Latoyaport,PW,93157
Harvey PLC,http://wardnader.com/,8/1/2002,4132 Haley Alley Suite 798,East Paytenchester,CA,10368
"Zboncak, Gaylord and Torphy",http://pouros.com/,11/20/2011,0323 Feeney Mountain,Port Magdalena,KS,22546
"Senger, Nicolas and Little",http://www.damorerowe.com/,5/4/1999,35005 Hermann Courts,Lake Rosario,PR,42244
Kerluke-Deckow,http://www.predovicdaugherty.com/,7/30/1974,4148 Legros Valley Apt. 019,Quigleytown,UT,58105
"Tillman, Goodwin and Veum",http://www.collins.com/,6/15/1986,6487 Kacie Ports Suite 748,North Latanya,VA,99681
Kohler Ltd,http://jacobsonkonopelski.com/,2/25/1990,942 Imo Estate Apt. 628,Lubowitzshire,IL,75043
"D'Amore, Wiza and Smitham",http://www.pagac.biz/,4/21/2012,9853 Cherryl Trace,Gislasonborough,IL,86838
Walsh-Koelpin,http://ankundingbernhard.org/,9/7/1975,65216 Beer Terrace,Padbergbury,CA,65907
Dach LLC,http://www.upton.net/,1/27/1982,54502 Veum Estate,South Ova,IA,27717
Langworth-Nicolas,http://www.ohara.com/,10/20/1980,56782 Bauch Land Suite 415,Reynoldschester,NH,49424
Wolff Inc,http://douglas.com/,11/29/2006,578 Stiedemann Center,Port Audreyberg,FM,29142
Tremblay-Legros,http://www.pagacernser.com/,11/12/1984,67871 Melany Plaza Apt. 805,North Burtton,LA,50710
Bruen Ltd,http://www.buckridge.com/,8/18/1980,1847 Shane Ways,Itzelville,TN,20556
Hane Ltd,http://cummeratakeeling.com/,9/12/2013,03798 Durrell Vista,Marquitaside,TN,22345
"Hermann, Stracke and Wehner",http://trantow.com/,12/21/1993,888 Goyette Burgs,North Isabelaburgh,TN,7010
Hayes-Hand,http://kleinosinski.org/,6/13/1974,115 Joette Shoals Suite 806,West Kandymouth,KY,1343
"Daugherty, Ryan and Rosenbaum",http://bahringernolan.com/,10/3/2002,728 Bergnaum Islands Suite 427,Port Joymouth,PA,44845
"Sipes, Beier and Howell",http://fahey.com/,8/10/2007,02323 Kemmer Harbor Apt. 194,Wunschport,SD,92316
Braun Ltd,http://www.upton.com/,5/18/1970,724 Keebler Unions Suite 865,West Lubertahaven,NJ,56250
Friesen Group,http://www.walsh.biz/,4/8/2001,80764 Chessie Groves,North Margechester,DC,32877
"Mante, Luettgen and Schmitt",http://www.wintheiser.net/,6/30/1991,4929 Simonis Fields,Lake Joseph,WY,89394
Gleichner and Sons,http://www.wisoky.com/,10/24/1995,43390 Reilly Drives Apt. 152,Mitchellville,MO,31151
Haag and Sons,http://www.emmerich.com/,10/17/2010,042 Nathalia Valleys Apt. 662,Elseville,TX,27447
"Orn, Grimes and Waters",http://oreilly.net/,7/23/1982,189 Thalia Rest,Rempelside,KS,73666
Schowalter and Sons,http://www.connellyhammes.com/,3/9/1974,5116 Leatrice Parks,Mitchellburgh,TN,2308
"Kohler, Kunde and Collier",http://www.kleinvonrueden.com/,10/2/1986,4316 Trantow Brook,South Boyd,WV,65017
Leffler PLC,http://funk.info/,5/22/2008,1199 Heaney Hollow,Howellberg,CO,14811
"Reilly, O'Reilly and Kihn",http://www.wisoky.net/,6/17/1994,880 Jewess Run Apt. 675,Daijamouth,IL,91679
"Prosacco, Frami and Feeney",http://www.fadel.biz/,5/4/1970,8947 Schmidt Route,Gustaveberg,CA,25460
"Jacobi, Kuvalis and Heller",http://www.halvorson.com/,5/24/1989,11674 Alexandr Shoal,Weimannville,AZ,45431
"Altenwerth, Purdy and Schaden",http://www.stoltenberg.com/,4/3/1981,1908 Wiza Gardens,Azaleebury,VA,18195
"Feest, Thompson and Hartmann",http://www.renner.info/,2/7/1973,529 Forest Trace,Mazieberg,AK,69233
"Schamberger, Murphy and Larkin",http://fahey.org/,3/31/2006,44709 Lashawn Burg Apt. 755,South Chadwickland,NC,69535
Weissnat Ltd,http://herzog.com/,9/17/2012,6844 O'Reilly Lodge Apt. 336,Lake Rasmouth,ND,8882
Huel and Sons,http://www.oreilly.com/,11/9/1984,270 Nellie Inlet Apt. 450,Mamiemouth,AR,31571
"Brakus, Shanahan and Dare",http://lebsack.net/,4/12/1986,76820 McDermott Ways Suite 299,Port Coolidgeview,NJ,3696
Wunsch-Ullrich,http://www.moorehowell.com/,1/7/1990,574 Durgan Square Suite 085,North Aydinmouth,HI,78547
Hand LLC,http://www.leffler.com/,4/9/2004,94263 Talia Shore Suite 007,North Norwoodmouth,GU,16163
Schmidt Inc,http://www.kunde.biz/,11/7/1990,161 Smith Pass,Smithamfurt,WI,51017
White-Schiller,http://weissnat.com/,5/21/1971,51900 Fritsch Locks Apt. 409,Lake Dominiqueville,NC,50757
Dietrich LLC,http://www.mccullough.biz/,8/2/2002,8762 Tracy Glen Suite 797,West Jaxtonfort,VA,55124
Bode Inc,http://mosciski.biz/,10/18/1997,51427 Christeen Corner,Edenville,NV,1424
"Jaskolski, Cremin and Oberbrunner",http://kirlinbruen.biz/,2/20/2008,8311 Elwin Mount Suite 568,South Jeseniaburgh,NC,69155
"Brakus, Yundt and Herzog",http://fisherkessler.net/,6/22/1990,74500 Hyatt Rapids,Myrtismouth,DE,15017
Schneider PLC,http://kozey.com/,7/13/1979,11259 Bauch Keys,New Melindabury,GU,46948
Koepp LLC,http://www.mckenzie.com/,7/5/2009,141 Wehner Valleys Apt. 570,New Leamon,IN,40183
Bradtke Group,http://macejkoviclueilwitz.net/,4/14/1987,03457 Destany Plaza Suite 486,Stiedemannburgh,IN,58891
Schneider LLC,http://www.champlin.com/,9/30/1988,940 Turcotte Mission Apt. 046,Cameronville,VI,86215
"Durgan, Kovacek and Kuphal",http://botsford.org/,2/28/2004,4062 Goyette Groves,East Elbridgebury,WI,97558
Heaney-Huels,http://www.kub.info/,3/17/1998,47542 Jarad Islands Suite 113,Dollyshire,MS,67878
Prohaska-Grimes,http://stokes.com/,12/5/2007,013 O'Keefe Forks,Port Orland,MT,34393
Wilderman-Jast,http://www.streichstokes.com/,2/24/2012,90902 Shanice Port Apt. 597,Perleyburgh,OK,7578
Brown-Buckridge,http://www.franecki.com/,8/9/1980,257 Kaliyah Grove,Port Toriestad,OK,22226
Ernser-Steuber,http://goldner.net/,7/9/2013,7546 Wehner Walk,Weimannmouth,OH,82760
"Langworth, Effertz and Kozey",http://strosincrist.com/,10/21/1993,4838 Shaneka Ranch,East Otaside,KS,88497
Kessler-Ratke,http://www.runolfsdottir.com/,3/16/1973,198 Katerina Ridges Apt. 266,Genieland,KS,87611
Brakus-Gorczany,http://crooks.org/,8/8/2009,0103 Boehm Plains,Ansonville,SD,95244
McDermott and Sons,http://wolfffranecki.com/,6/11/2005,73825 Medhurst Court Apt. 890,North Sophiaborough,FL,59630
Ernser-Ferry,http://www.monahan.com/,9/4/1996,96568 Ali Spur Apt. 532,Fishershire,MA,36810
"Blick, Witting and Hoeger",http://ornbeer.net/,3/8/2015,36419 Joellen Bypass Suite 895,Port Hayleyton,OR,85522
Langosh-Daugherty,http://quigley.com/,2/5/2004,909 Perri Port,West Gael,NY,28257
Jaskolski-Hills,http://www.wittingrowe.net/,11/8/2005,1995 Ruffus Isle Suite 413,Satterfieldmouth,WA,87393
"Ryan, Graham and Bashirian",http://www.padberg.net/,4/11/1983,51534 King Mountains,West Saintmouth,ND,17865
Cole PLC,http://brekke.com/,8/29/2007,3644 Edmond Mills,Greenfelderhaven,TX,13706
Kuhn Ltd,http://www.mccullough.com/,5/29/2005,845 Thurman Pine,Nigelville,NV,22743
Bartoletti Inc,http://jerde.org/,5/13/1999,02663 Porsche Prairie Suite 133,South Taltown,GU,99398
Bergnaum-Stroman,http://spencer.info/,5/13/1996,01058 Verlin Junction,Kirtchester,DC,48988
Ondricka PLC,http://www.beer.com/,8/21/2006,83131 Hills Trafficway,Lerachester,MN,15644
Hayes-Predovic,http://bergecruickshank.net/,2/20/2003,48701 Harvey Avenue Apt. 480,East Sloane,MI,66820
Pfannerstill-Mante,http://willms.org/,3/31/2006,595 Ruthanne Haven,West Peytonville,IA,64180
"Hagenes, McCullough and Bergstrom",http://rippin.com/,12/19/1990,04113 Feest Island,Weissnatport,WV,27998
Wisoky LLC,http://hartmannnienow.net/,1/17/1973,4288 Roddy Gardens Suite 043,Lake Angelicafurt,MP,77987
Green-Crona,http://altenwerth.com/,5/25/1984,347 Dalvin Burg,Langfurt,NJ,33197
Kessler-Gottlieb,http://adams.biz/,1/29/1997,2121 Kemmer Garden,North Metro,WY,72365
"Hilpert, Dietrich and Konopelski",http://pollichheaney.net/,7/12/1998,45393 Mayer Rue Suite 231,South Veolachester,IA,26388
"Mohr, Prosacco and Toy",http://www.jast.com/,2/22/2000,5850 Orla Mall Suite 301,New Franciscoland,AK,5366
Jacobs-Reilly,http://steuber.net/,3/28/2007,2861 Wolf Hills Suite 644,Metztown,WI,71362
Murphy-Haley,http://homenick.com/,9/15/1988,2975 Huels Creek,Haroldhaven,TX,92601
"Schmitt, Upton and Walsh",http://www.oconnell.com/,12/16/1977,581 Kalie Lodge,Pourosstad,OR,84666
"Bradtke, Haag and Bergstrom",http://www.boyle.com/,8/30/1974,7528 Merrie Place Apt. 514,Brekkeview,CT,90328
Trantow LLC,http://haucktorphy.org/,5/23/1990,10528 Medora Street,West Hadenshire,VI,91801
Marks-Parker,http://www.aufderhar.com/,3/15/1970,93871 Cremin Isle Suite 643,Crooksport,PR,82750
Runolfsson LLC,http://www.johns.com/,12/3/1972,82497 Pleas Harbor Suite 232,South Jeannetteberg,CT,73253
"Gorczany, Wyman and Davis",http://ziemann.org/,6/22/2007,4984 Darcy Pine Apt. 106,Nickhaven,AS,25443
Bergstrom-Mills,http://www.lindgren.info/,9/6/2015,536 Pfannerstill Lakes Apt. 483,New Jodie,MD,40096
Rohan-Douglas,http://lueilwitz.biz/,7/27/1972,932 Daniel Plaza Apt. 631,O'Connerberg,NH,5631
Murphy and Sons,http://www.bruendare.info/,3/29/1975,226 O'Kon Neck,Danielfort,PR,67952
"Pollich, Pagac and White",http://www.klockocasper.com/,8/16/2005,849 Dooley Port Apt. 192,Fayborough,CA,94556
Auer and Sons,http://www.pourosharber.info/,8/18/2008,56740 Collins Inlet Suite 024,Port Handystad,MT,44265
Dooley-Jacobi,http://pfefferlebsack.com/,9/6/1970,9221 Pepper Curve Apt. 463,Lake Arthorville,HI,14551
"Considine, Rogahn and Keeling",http://www.morar.biz/,6/1/2003,781 Hirthe Crossroad Apt. 014,Lake Lennie,MH,61779
"Hilll, Harvey and Renner",http://hegmann.com/,3/6/2003,2921 Fritsch Station Suite 391,East Chandatown,ND,2784
"Dickinson, Zieme and Schamberger",http://walker.info/,10/15/2002,786 Joeseph Squares Apt. 540,Kutchhaven,AZ,33966
Leannon LLC,http://mckenziebrekke.com/,5/24/1989,400 Yaretzi Drive,Brownfort,OR,21357
Muller-Ratke,http://nikolaus.net/,4/29/1977,2153 Romello Knoll,Kayleighmouth,UT,59162
Leuschke and Sons,http://lynch.com/,6/16/2015,5965 Lexie Skyway Apt. 016,Keltonhaven,NM,64290
"Kihn, Pouros and Nienow",http://ruecker.biz/,10/7/1991,00933 Newton Plaza Apt. 159,Rickistad,IA,92163
Green-Treutel,http://www.armstrong.com/,5/27/1995,1377 Orvil Hollow,New Aleshaport,GU,11167
"Lakin, Kulas and Hodkiewicz",http://www.torphywiza.com/,7/26/1990,121 Kellee Neck,Audramouth,NM,62739
Blick-Lynch,http://waterskovacek.com/,7/25/2011,24564 Jaylyn Radial,Wolffburgh,OR,44462
"Hansen, Sipes and Volkman",http://www.schmittfranecki.com/,8/16/1973,35983 Brinda Gateway Suite 260,Port Jesse,NM,38427
Hammes-Botsford,http://oreillyhirthe.info/,3/20/2003,127 Rory Shore Apt. 396,Krisshire,IL,88516
"Thompson, Powlowski and Johnson",http://champlin.com/,6/4/1993,01924 Allene Forest,Strackeport,PA,64495
"Labadie, Kemmer and Halvorson",http://pagac.com/,1/28/1995,58267 Luettgen Cove,Earlhaven,NJ,15303
"Jacobs, Thiel and Parker",http://www.shieldsveum.com/,4/28/2014,8076 Fadel Prairie,East Aldenborough,MO,20908
Raynor PLC,http://www.willms.com/,1/25/2010,3590 Marvin Street,Goodwinstad,OK,87765
Christiansen-Boyle,http://www.padberg.org/,10/17/1998,9200 Goyette Views,East Karinville,SC,9645
Walker-Tremblay,http://mann.com/,4/7/2012,956 Jacoby Squares Suite 344,North Velvamouth,ND,81536
"Sauer, Gutkowski and O'Kon",http://www.collier.com/,7/15/2003,69819 Vicente Run,West Bennie,NH,38555
Goldner PLC,http://www.gislason.net/,4/6/2010,655 Dannie Flats Apt. 046,Ziememouth,IN,60336
"Hartmann, Schiller and Waters",http://feeney.com/,7/21/1983,6706 Tawana Field,Lynchburgh,OK,88313
West and Sons,http://rath.com/,9/3/1992,182 Laurene Radial Apt. 687,Shaniecetown,AL,24620
Cummings Inc,http://hills.com/,11/12/2007,850 Lorinda Points,Theodisstad,MT,40079
Jenkins Inc,http://www.skiles.com/,12/29/1975,8175 Glover Loop Apt. 027,North Banksport,VI,63832
Hamill LLC,http://www.king.com/,3/2/2011,439 Torie Green Suite 057,Lake Madgemouth,NC,3291
Heathcote-Upton,http://mante.net/,5/23/2008,63372 Marcelina Crest,South Janell,MH,83415
Larkin and Sons,http://www.jacobi.com/,9/19/2015,31190 Waters Springs,Dafnemouth,PA,18281
Bogan Inc,http://www.nolan.org/,4/3/1972,9849 Koelpin Hills,Pearlymouth,OH,81880
"Cummerata, Bins and Murray",http://www.emmerich.com/,9/1/1987,33420 Michell Hills,East Leona,KY,89155
Torphy-Langosh,http://dach.com/,1/16/1984,38350 Connelly Isle,Port Stacey,AK,94367
"Sporer, Bosco and Johnson",http://padbergernser.com/,5/26/1997,173 Willie Shore,Ankundingstad,PW,27639
"Dach, Jerde and Legros",http://berniercollier.com/,7/19/1978,297 Thor Harbor Suite 278,Goyettechester,IL,14256
"Dietrich, Morar and Rau",http://www.leschaltenwerth.com/,3/24/1976,52673 Kessler Camp,South Tasiafort,AZ,31943
"Wunsch, Ryan and Rolfson",http://www.romaguera.com/,8/22/2015,812 Sipes Lodge,Streichburgh,VI,622
"Stanton, Pouros and Casper",http://www.wilderman.com/,4/20/1996,477 Claire Streets Suite 559,Rolandaland,KS,4787
Rogahn-Reichert,http://larkin.com/,7/22/2012,636 Lizette Parks Apt. 376,Port Rafeberg,NY,51907
Schaden LLC,http://www.witting.com/,2/2/1990,0102 Prosacco Row Suite 396,New Orentown,IN,31821
Tillman Group,http://kerlukejones.com/,2/19/1997,092 Kermit Bypass Apt. 377,Louhaven,MP,99802
"Russel, Abbott and Purdy",http://www.jakubowskicummings.com/,11/30/1995,769 Strosin Lodge Suite 209,North Pandoratown,PA,31996
"Ankunding, Pollich and Little",http://www.robelhauck.com/,6/25/1973,241 Hartmann Island Suite 443,Lake Coraima,NC,68739
"Purdy, Schuster and O'Keefe",http://www.doyle.com/,10/21/1975,60271 Tomika Parkways Apt. 146,South Bradleyfort,MN,55700
Watsica-Wisozk,http://www.mclaughlin.com/,7/26/2006,755 Smith Course,North Bernadineside,AK,74127
Nolan-D'Amore,http://www.blandalittle.info/,10/17/1989,379 Madeleine Trail Apt. 265,Jazlynnfort,CT,16898
"Kirlin, Steuber and Witting",http://www.lueilwitz.org/,4/9/1985,83389 Brekke Estate Apt. 900,New Michelle,MH,49291
"Roob, Mayer and Hegmann",http://www.anderson.com/,3/5/2001,579 Watsica Port Suite 454,North Brooklyn,ME,95512
"Huel, Reilly and Kulas",http://www.pricedaugherty.info/,3/31/1970,95957 Lesch Plains,Ednachester,RI,94317
Torp LLC,http://rodriguez.org/,9/15/1984,91887 Gibson Spurs,East Juliborough,NM,49639
Durgan and Sons,http://www.wisokygrimes.com/,9/10/1984,947 Franecki Lock,West Eanfort,IL,96939
Glover Inc,http://stromanthiel.net/,5/26/1983,57122 Leannon Garden,Kaseystad,WA,48052
"Windler, Dickens and Lang",http://www.pfannerstill.com/,10/22/1979,4758 Charley Haven Apt. 057,Willchester,AS,89918
Swaniawski-Lakin,http://hirthedooley.com/,4/3/2003,36231 Kipp Freeway Suite 754,North Norman,NY,41757
Bahringer PLC,http://www.maggiodaniel.com/,11/8/2015,56359 Isaac Brooks Apt. 415,Port Matiasside,PA,81424
Mertz PLC,http://pacochaosinski.com/,4/10/1982,74634 Dickinson Walk,Lemkeland,CA,19625
Lowe LLC,http://balistreri.com/,3/6/2012,85471 Alphonse Crescent,New Eligefort,MS,91500
Stark and Sons,http://gislason.net/,3/13/1989,6895 Dickinson Camp Suite 480,Lake Erastusport,IA,9299
Oberbrunner PLC,http://www.harris.com/,4/12/1997,46728 Loria Wall,South Justin,SC,80150
"Rohan, Balistreri and Gleichner",http://torp.info/,6/12/2012,2909 Ada Glen,Parkerhaven,NJ,26279
Bernier LLC,http://towne.net/,4/7/1972,2680 Ruecker Port Apt. 084,Lake Josefa,MH,80643
King-Collier,http://fadel.org/,3/6/2004,6840 Peggie Dam Apt. 868,North Santana,NH,77549
"Dare, Bins and Steuber",http://weber.com/,4/16/2008,59355 Kling Stravenue Apt. 326,Klockobury,MI,94270
O'Connell and Sons,http://www.hilpertauer.com/,7/20/2004,010 Crystal Walks,Aleckchester,MS,36350
"Hayes, Smith and Hintz",http://hueljaskolski.com/,3/31/2008,41764 Borer Loaf Suite 522,North Furman,SC,6730
"DuBuque, Schiller and Donnelly",http://www.lind.biz/,7/9/2007,557 Hauck Mission,South Versie,AR,97365
"Walter, Mayert and Spinka",http://gutmann.com/,5/7/2000,2688 Jeanne Plains Suite 585,Kamilahland,PW,90112
Sauer-Bruen,http://lebsack.com/,9/11/1977,189 Leannon Locks Apt. 409,Lake Keshaside,OK,53454
"Huels, Gaylord and Weber",http://langosh.com/,5/9/1993,913 Shelia Port,Jacquelinefort,SD,1898
Haley-Hills,http://www.marksrippin.info/,7/29/2000,56810 Thedore Spurs Apt. 214,West Dola,MD,15731
Botsford-Prosacco,http://bosco.com/,4/23/2004,3196 Wolff Walk Apt. 693,West Ashashire,FL,99063
Schimmel LLC,http://www.harber.info/,5/13/2000,59817 Aufderhar Flat Suite 197,North Vickieview,AS,2019
Schamberger-Pouros,http://bernhardbrakus.com/,11/13/1971,450 Caswell Shores,West Parker,CA,94736
Pouros PLC,http://www.smith.org/,5/10/1994,4118 Purdy Orchard Apt. 347,Ryanburgh,MP,7516
"Kuphal, Mayer and Pfeffer",http://www.huelleannon.com/,12/15/2005,68687 Tremblay Stravenue Apt. 574,Estillport,CA,60056
"Ziemann, Mohr and Hartmann",http://rowedoyle.biz/,8/8/1995,292 Kozey Tunnel Apt. 671,Wilkinsonport,VT,26088
"Parker, Bergnaum and Dibbert",http://www.macejkovickuhlman.com/,12/31/1985,802 Neta Loaf,West Kimber,TX,5112
Klein-Sporer,http://kling.com/,5/18/2014,703 Sharon Corner,Alomaview,NV,40453
"Funk, Ullrich and Rempel",http://davis.info/,2/17/1999,447 Shawanda Mall Suite 483,South Arnoldoview,MP,21166
Pouros Group,http://www.kessler.com/,7/24/2013,55047 Wardell Gardens,Port Mardellberg,OH,60978
Konopelski-Zboncak,http://walker.biz/,8/18/1976,5676 Dalvin Prairie,Aiyanaville,MH,34258
Okuneva Ltd,http://www.labadiekovacek.org/,12/3/1987,98829 Upton Neck,Pinkeyborough,MP,26471
"Hintz, White and Runolfsson",http://ferryrolfson.com/,7/30/1995,917 Deckow Glens Suite 062,Lorenzofurt,HI,17320
Boyle-Hudson,http://satterfield.info/,8/23/2006,09339 Justice Island Apt. 278,Bernhardburgh,TN,86007
Boyer-Williamson,http://bins.net/,9/6/2006,942 Jordi Knolls Suite 604,Kilbackfort,VI,9714
"Gleason, Grady and Nikolaus",http://www.rohandeckow.com/,9/29/1974,7921 Schowalter Center,Corneliousmouth,IL,51626
Koepp Ltd,http://pouros.com/,10/24/1995,59860 Hyatt Corners,Lake Earlie,NC,80861
Bergnaum PLC,http://www.haley.com/,2/28/2011,557 Lockman Falls,Eldonfurt,VI,75355
Raynor Inc,http://www.rohan.biz/,6/3/1984,858 Kindra Lights,Solomanview,IN,20746
Stark and Sons,http://ledner.net/,12/29/1976,03828 Namon Harbors,Fritschchester,DC,59561
Okuneva-Nienow,http://herman.info/,6/24/1994,66633 Estell Points Suite 319,Eliezerbury,SD,13919
"Spinka, Jenkins and Padberg",http://www.bartoletti.org/,8/27/1972,840 VonRueden Forest Apt. 627,Hegmannhaven,AK,45939
Parker-Kunde,http://www.christiansen.com/,12/30/1993,7398 Stuart Station Apt. 272,New Doug,NC,6953
Jast-Christiansen,http://www.kozeytoy.org/,8/4/2007,373 O'Reilly Park,Hilllbury,DC,68325
"O'Hara, Nitzsche and Schowalter",http://www.hartmann.com/,5/12/1986,7130 Wiegand Square,North Richardville,UT,36445
Green LLC,http://jenkinsjenkins.com/,3/17/1984,152 Clytie Mission,South Marques,CA,77665
Okuneva Group,http://www.schamberger.com/,5/18/2014,12170 Vernell Locks Suite 491,East Sumnerview,MD,19989
Johns-Hegmann,http://www.daugherty.org/,11/22/1992,9102 Delmas Bridge,Terryview,SD,12730
"Waters, Konopelski and Morar",http://www.batzziemann.com/,9/25/1983,964 Thora Turnpike Apt. 780,Bechtelarfurt,SD,32333
Hane-Fahey,http://collinsgreenfelder.net/,5/12/1995,849 Kelsi Canyon,Cijiside,SD,40990
Shanahan Group,http://bergstrom.com/,8/11/2001,59803 Veola Highway Suite 403,New Harlow,RI,7414
Bernier and Sons,http://www.morissette.com/,12/14/1988,7913 Turcotte Key Suite 703,Carleighburgh,CT,41791
"Corwin, Schumm and Daniel",http://www.gislason.com/,9/15/1999,13590 Shields Route Apt. 651,Rennerfort,NY,45662
Zulauf PLC,http://treutel.net/,3/2/2008,87621 Schmeler Isle,New Herthaberg,FM,51892
"Dietrich, Schneider and Weimann",http://oconnell.com/,8/24/1980,12029 Aretha Point,Daviston,VT,33697
Anderson Ltd,http://cummingsmraz.com/,8/1/1974,390 Hartmann Mill Apt. 502,New Kanisha,GA,72446
Gutmann-Kshlerin,http://www.boscobatz.com/,7/7/1987,49216 Mante Ridge,North Madisonshire,AK,54901
"Jakubowski, Moen and Grimes",http://www.bergstrom.info/,2/6/1993,5848 Breana Prairie Suite 631,Arlinemouth,VA,15808
Witting-Hintz,http://www.lebsack.com/,11/2/1971,92985 Streich Plaza,Lake Thalialand,AL,30198
Wilkinson-Ebert,http://www.smith.com/,5/31/1998,9769 Bode Forge Apt. 024,North Jedidiah,NM,89352
Rolfson-Leuschke,http://mullerhaley.com/,10/7/1989,561 Lavelle Fork,South Millie,WI,74449
"Fahey, Reilly and Mitchell",http://www.keeling.org/,6/6/1988,94095 Kuhlman Course Suite 637,New Helmer,WA,48219
Fay PLC,http://dickensdicki.com/,8/16/1979,456 Curtis Views Apt. 204,Confurt,MI,6220
Upton PLC,http://lockman.com/,10/13/1978,4646 Mckenzie Dam,South Ota,WI,15570
Hilll-Renner,http://stracke.com/,5/25/1998,466 Kub Ports Apt. 855,Leoncetown,AK,89962
"Emmerich, Nolan and Murphy",http://www.brown.info/,1/10/1998,8441 Bartley Light,Earlieville,WY,90540
Rempel LLC,http://www.metzmcglynn.net/,8/9/1972,038 Blanda Trace,Reddenton,NV,50996
Carroll-Hudson,http://parker.com/,5/17/2013,414 Stevie Lock Apt. 498,North Jaliyah,IN,14898
Tromp Inc,http://www.feest.org/,11/22/1976,19416 Jacobi Glens,West Lodamouth,AR,25138
Rosenbaum-Miller,http://bahringer.info/,7/12/1973,299 Celestia Extension,Johnstonport,MT,55550
Stroman-Wuckert,http://www.runolfsson.com/,3/7/2009,984 Archibald Inlet,Dickensshire,SD,3524
"Langosh, Predovic and Jacobson",http://abbott.org/,5/6/1986,473 DuBuque Street,West Doshie,ME,93730
Bins-Reynolds,http://daniel.biz/,6/23/2000,917 Pollie Forest Apt. 548,West Graychester,WA,9487
Rolfson PLC,http://pacochabauch.net/,1/2/1976,0577 O'Conner Station Apt. 805,Tyrusville,NV,92492
"Pfannerstill, Cartwright and Batz",http://www.kerluke.com/,10/19/1999,32622 Dorris Canyon Apt. 168,Connton,MI,22756
Jaskolski Ltd,http://douglas.com/,7/19/1977,74777 Lissette Prairie,Hegmannton,MT,53505
Howell PLC,http://www.larkin.com/,10/10/1985,21407 Cristen Circle Apt. 862,Mitchellmouth,PW,25940
Hahn-Stehr,http://www.schowalter.info/,3/11/1975,72048 Schimmel Meadows,Maeveland,AR,21805
"Flatley, Luettgen and Ritchie",http://www.gutkowski.com/,10/6/2008,4748 Tristan Brook Apt. 379,West Cappieton,NJ,37962
Senger LLC,http://trantowmorar.com/,3/23/2000,480 Samson Fork Suite 534,Kiehnland,WI,58066
"Nikolaus, Green and Hodkiewicz",http://graham.biz/,11/18/1988,189 Keeling Throughway Suite 116,Ebertborough,CT,38129
"Rohan, Kozey and Harvey",http://hand.com/,12/17/1982,0877 Trantow Mall Suite 818,New Vincenzatown,NV,12549
"Jewess, Hirthe and Hessel",http://www.lindgren.com/,7/25/1977,279 Orn Stravenue Apt. 872,Lake Novellafurt,TX,44538
Reynolds PLC,http://www.altenwerth.org/,11/3/1993,878 Labadie Loaf Apt. 521,Kilbackberg,ME,78185
Satterfield-Bednar,http://wilderman.com/,2/16/1990,42284 Juli Cliffs,South Elma,OK,54780
Block PLC,http://www.ratke.biz/,12/1/1996,5647 Casey Well Suite 909,New Eastonmouth,NV,22600
"King, Altenwerth and Hoeger",http://www.aufderhar.com/,5/30/1986,8386 Kertzmann Camp Apt. 474,Danellemouth,WV,12624
Stroman LLC,http://schumm.com/,9/27/1997,63159 Swaniawski Lights,South Corrina,IA,835
Champlin-Boyer,http://prosacco.com/,7/23/1984,90545 Harvey Fall,Francistown,GA,91753
"Stark, Okuneva and Green",http://www.bogisich.biz/,8/4/2002,4163 Kuhlman Tunnel,East Elvisport,UT,44681
Feeney-Littel,http://www.littel.biz/,9/9/1984,28625 Jacobs Roads Suite 556,Tristontown,RI,44671
"Bruen, Ward and Wuckert",http://www.labadiebashirian.com/,11/10/1994,304 Bartell Plain Apt. 675,Kandyberg,MO,54238
Strosin Group,http://www.mertzcollins.com/,1/9/2003,404 Babe Hills Apt. 474,East Ephram,NY,45521
"Farrell, Durgan and Veum",http://vonruedenkrajcik.com/,11/13/1982,41009 Oral Shoals Apt. 845,Wardshire,SD,41981
"Satterfield, Howe and Greenfelder",http://www.hagenes.net/,4/27/2011,1168 Watsica Port,Giannifurt,MT,89772
Maggio-Murray,http://www.pouros.com/,1/18/1976,0325 Ziemann Crescent Apt. 373,North Waymanview,OR,93247
Hoeger LLC,http://whitetoy.com/,9/22/1989,0972 Sporer Ferry,West Ruthannefort,IL,62771
"Strosin, Hegmann and Borer",http://leannondoyle.com/,6/25/1980,17336 McKenzie Dale,Port Karina,MD,51828
Runolfsson PLC,http://mann.com/,11/24/1985,98365 Jakubowski Trail,Lake Lamonteton,IL,70934
"Harris, Hirthe and Dietrich",http://www.stanton.com/,9/7/1980,06877 Bliss Parks Apt. 885,South Winonaport,AZ,7428
Mitchell-Schmidt,http://cummings.net/,3/17/1997,9946 Jones Mews,Braydenchester,SC,4271
Feest Ltd,http://www.bahringerkuhlman.com/,7/8/1998,2928 Allyson Light,New Glendora,IL,46819
Braun-Pouros,http://www.dare.org/,4/18/1992,42160 Kasie Pass Apt. 891,Torphyfort,PA,5229
Rosenbaum-Johns,http://hilpertwolf.com/,7/26/2005,4218 Bayer Mill,Johnsmouth,OH,16272
Rogahn-Wilkinson,http://www.franecki.com/,4/10/2011,3853 Lucie Camp Apt. 697,Port Howell,NH,85351
"Price, Bins and Murazik",http://www.mertzkub.com/,10/29/1996,1504 Jeanmarie Port Apt. 740,Altenwerthport,ID,4405
"Crooks, Rosenbaum and Steuber",http://shanahan.com/,7/22/2001,3565 Zemlak Mission Apt. 262,East Shawnhaven,OK,18609
"Lubowitz, Paucek and Von",http://streichgoodwin.info/,9/12/2000,810 Nader Shores Apt. 820,Cronaview,ID,69841
Volkman and Sons,http://www.barrows.com/,8/9/1976,30692 Rella Ferry,Port Saintview,UT,19881
Jacobi LLC,http://www.nienow.biz/,5/27/2010,3007 Annette Junction Apt. 493,South Graceberg,IL,8602
Raynor Inc,http://funk.net/,1/3/1982,8812 Hegmann Circle Suite 544,North Drusilla,MI,43203
"Johns, Reichel and Kulas",http://www.bednar.com/,6/7/2012,280 Klocko Spur Apt. 409,Caroshire,VI,19051
"Hermiston, Marquardt and Runolfsdottir",http://www.stroman.com/,3/9/1992,2986 Waelchi Pine,New Jemal,AZ,65589
"Parisian, Kuhlman and Russel",http://adams.com/,5/7/1995,82445 Oberbrunner Streets Suite 214,Benaland,MP,18018
Treutel Group,http://cruickshank.info/,6/4/2007,4603 Hilpert Mission,North Savannahton,NE,14706
"Harvey, Feil and Lowe",http://www.schoenoconnell.net/,7/5/2010,684 Less Stravenue Apt. 691,Beierton,MD,4256
Krajcik-Dickens,http://fritschbechtelar.org/,4/15/2002,092 Geoff Mission Apt. 263,Cheryleland,TN,67614
Beier-McCullough,http://conn.net/,6/6/1994,111 D'Amore River,Gloverborough,MP,67304
Herzog-Lynch,http://www.nicolas.com/,7/6/1990,195 Jewess Springs,Hillaryland,NM,31064
"Reichert, Hartmann and Reynolds",http://hodkiewicz.com/,9/22/1983,460 Annalise River Suite 381,Collinsfort,AL,66076
"Langworth, Bechtelar and Gutmann",http://www.durgan.biz/,7/31/1976,18424 Feeney Ways Apt. 686,Kiehnhaven,AK,8606
"Kovacek, Moen and Kunze",http://www.hilll.org/,3/28/2006,12631 Marolyn Isle,New Mont,NM,50927
"Blanda, Hamill and Lesch",http://mayer.org/,5/24/2004,594 Lashawn Forest,Gusikowskiton,PR,67555
Gibson-Kilback,http://torphy.com/,2/12/1999,988 Fahey Viaduct Suite 465,East Elsworth,SD,35217
Ankunding PLC,http://howell.com/,9/23/1980,7862 Lesch Falls,Christiansenbury,AS,38534
Jerde LLC,http://www.champlin.com/,2/2/1986,522 Carri Knolls,South Falonland,ND,4338
Greenfelder-Carroll,http://www.tremblayhahn.org/,11/24/1970,6836 Purdy Junctions,Lake Reid,PR,96458
Reichert PLC,http://www.feilgottlieb.com/,2/9/2010,563 Harris Drive,South Cathiborough,DE,36863
Schmitt-Olson,http://lueilwitz.org/,5/17/2009,40134 Webb Rapid,West Brittnyside,KY,56172
White Group,http://huelharvey.net/,2/7/1987,5963 Bailey Knoll,Lake Stasia,MS,59941
Effertz Inc,http://www.reynolds.com/,3/3/1980,3070 Corey Shoal,Kerlukemouth,AL,61403
"Collier, Jacobi and Corwin",http://www.breitenbergbechtelar.com/,8/5/1974,32841 Suzann Haven,South Steve,PA,45528
Miller-Russel,http://rowehegmann.com/,7/25/1994,502 Etha Courts,East Barron,MD,82111
Yundt-Herzog,http://pagac.com/,10/3/1977,5438 Remy Ways Suite 129,Tahjburgh,VA,95775
Herman Ltd,http://www.wisokyfahey.org/,6/10/1975,79828 Wendel Vista,Collierview,ID,16038
"Rosenbaum, Erdman and Treutel",http://www.paucek.com/,6/23/1976,57762 Chrissy Cliffs Suite 532,Port Piperbury,OR,60936
Dibbert and Sons,http://padberg.net/,10/7/1992,356 Nyla Centers,South Lonzo,NV,30117
Harber-Graham,http://www.lakinmuller.com/,11/5/1980,9181 Dewey Divide,Kristalborough,CT,64154
Schultz PLC,http://watsica.com/,4/24/1995,93372 Ason Brooks Apt. 850,Drusillafurt,AS,13739
"Adams, Wintheiser and Schaden",http://www.connellyemard.com/,3/22/2000,33338 Verne Extensions Suite 896,West Karissaview,MS,9813
Gottlieb-Bauch,http://www.considine.com/,10/1/2000,783 Murazik Islands,South Bruce,WV,1197
Abbott-Schmitt,http://www.oconnell.com/,7/28/1992,3937 Gerlach Lane,South Cristymouth,UT,65240
Wolff Group,http://www.kerluke.com/,6/25/1980,49991 Jerrie Keys,Akeemborough,MI,51677
Sipes and Sons,http://kling.com/,11/29/1973,920 Ernestine Hills,Lake Carly,OR,63265
Glover-Barrows,http://www.hilll.org/,10/24/1995,604 Mraz Turnpike Suite 211,Lake Almina,SC,93051
"Beier, Oberbrunner and Kertzmann",http://www.bradtkevonrueden.org/,3/19/1977,04940 Champlin Crest,Greenholtton,AL,30222
Carter-Jaskolski,http://raynorparisian.info/,11/28/1984,738 Towne Mews,Port Daphne,KS,42570
Hermann-Jast,http://balistreri.com/,3/18/2013,9183 Jed Viaduct Apt. 845,Langoshstad,NE,92491
Koch-Cartwright,http://www.corkeryfadel.info/,9/21/2000,3724 Heidi Plain Apt. 814,Bradleymouth,IN,75507
McLaughlin LLC,http://wilkinson.com/,11/5/2005,1105 Tatum Run,West Woodroeside,IN,73823
"Ankunding, Keeling and Reynolds",http://www.tremblay.com/,6/10/2015,2653 Bertrand Unions,South Othelmouth,MS,48152
"Ryan, Bradtke and Zboncak",http://www.medhurst.com/,4/4/1976,696 Vernell Inlet,Alcideside,SC,94759
"Gislason, Greenholt and Erdman",http://www.heaney.net/,8/16/1991,97401 Block Unions Suite 609,Erdmanstad,MP,84797
"Dicki, McLaughlin and Huel",http://simoniskuphal.com/,11/14/1996,82121 Hahn Circles Suite 852,New Washfurt,ME,6439
Erdman-Hudson,http://www.nolanbednar.com/,7/19/2010,0769 Tabitha Harbor Apt. 902,New Amiyahshire,VT,29960
Goyette-Connelly,http://nikolausbuckridge.org/,4/25/2001,0085 Quitzon Parkway Apt. 739,Marillahaven,ID,4754
"Abernathy, Howell and Tillman",http://www.lindgrenolson.com/,8/23/1980,98288 Bins Stream Apt. 357,Lake Jazminestad,AL,32399
Hilll-Schuppe,http://runolfssongreenfelder.info/,12/25/1980,138 Hermine Locks Suite 125,Port Destinyborough,AR,7187
"Hagenes, Veum and Mann",http://www.kunzerunolfsdottir.com/,4/30/1991,78888 Pacocha Crest Suite 631,North Ab,OH,43671
"Mraz, Nitzsche and Russel",http://howellstroman.info/,4/23/2012,0411 Tristen Plaza,Clemmouth,FM,10582
Kunze-Okuneva,http://www.schaeferchristiansen.net/,3/23/1985,7379 Kameron Island Apt. 812,West Shyla,SD,21483
Hackett Ltd,http://stoltenberg.com/,5/1/1977,828 Zemlak Route,Ebertberg,NM,8854
"Barton, Johnston and Johns",http://hanehansen.com/,3/8/1997,5114 Herzog Island Suite 212,Lefflertown,NE,72807
"Walsh, Bode and Bins",http://effertz.com/,2/6/1970,550 Ace Burg,Delphinebury,SD,23560
Moen Inc,http://www.schimmelpagac.com/,8/10/1987,96531 Sporer Pines,New Oralside,NM,49583
Reinger-Stokes,http://www.welch.biz/,12/31/1975,31737 Tanya Ports,Trayvonmouth,MS,15044
"Brekke, Mraz and Block",http://sanford.com/,12/23/1984,88109 Gorczany Island,Candymouth,SD,17110
"Klocko, Kuhic and Eichmann",http://powlowskiwilliamson.net/,7/17/2006,8891 Kulas Expressway Apt. 422,Hazelfort,PR,82137
"Green, Schimmel and Krajcik",http://www.bednar.com/,5/11/1998,2536 Freeda Throughway,West Eartha,KS,53181
Johnston-Dicki,http://www.marks.org/,6/17/2015,8384 Cartwright Mills Apt. 248,Port Leoma,PR,17645
"Murphy, McLaughlin and Willms",http://kshlerin.info/,5/16/1983,445 Robel Shores,Osinskibury,NH,95440
Zieme Group,http://vandervort.com/,7/16/1996,251 Gabe Ville,Port Shaquanabury,KS,37230
"Goyette, Russel and Schamberger",http://goodwin.info/,7/18/1974,48174 Buren Burg Suite 526,Runolfssonton,AS,66024
"Marks, Ortiz and Lueilwitz",http://wiegand.com/,1/24/1993,999 Lish Lights Suite 567,North Lennieview,LA,83939
Lehner-Nitzsche,http://morar.net/,6/7/1994,469 Boyer Islands,New Elianna,SD,15227
"Feest, Smitham and Wilderman",http://www.lakin.com/,8/23/1988,157 Amie Springs Suite 978,Lake Byronmouth,MN,59117
Tillman-Douglas,http://www.dooley.net/,2/8/2001,26755 Boyer Groves,Langbury,IA,51464
Sporer LLC,http://www.deckowschinner.com/,10/22/1986,937 Grady Trail Suite 009,New Orah,MH,26258
Turner-Turner,http://osinskiprosacco.info/,9/20/1972,34639 Trevin Locks Apt. 557,West Kadenceside,AS,10086
Gulgowski-Stroman,http://www.hartmannsimonis.net/,3/10/1999,31202 Breann Camp Apt. 768,East Brennanside,GU,19825
Bahringer Inc,http://www.spencer.com/,7/10/1995,577 Hoppe Tunnel Suite 438,Holdenburgh,NJ,68587
Jones Inc,http://considinerice.org/,12/20/2010,6971 Lawanda Tunnel Suite 197,West India,UT,68366
"Adams, Baumbach and Reinger",http://www.hoegergreenholt.biz/,9/23/1999,7926 Noah Burgs Suite 212,Gerholdhaven,MD,93650
Pollich-Turner,http://www.gerhold.com/,4/5/1977,05894 Wintheiser Parks Apt. 927,West Georgia,SC,93805
Littel-Osinski,http://legros.com/,2/20/1983,1960 Jaskolski Center,Alexusside,WV,37986
"Wisoky, Kihn and Mraz",http://paucekmcclure.com/,2/28/1988,44977 Furman Circles,North Ewart,NH,74707
"Hackett, Daniel and Walter",http://mohrleffler.net/,3/28/1971,458 Johnson Drives,Denesikport,SD,88442
Sipes PLC,http://www.kirlinauer.com/,12/9/1989,2416 Daugherty Mount,Port Eusebio,PA,85020
"Luettgen, Cassin and Lubowitz",http://www.kuhlman.com/,4/10/1993,5793 Stark Parks Suite 428,North Raynetown,MS,65246
"Gutmann, Crist and Kemmer",http://carroll.biz/,3/7/1986,282 Mayer Drive,East Duwayne,AR,29026
"Crooks, Leannon and Schuppe",http://bashirian.com/,1/16/2001,66764 Jacobson Stravenue Apt. 662,McClureview,ID,96290
"Mayert, Bahringer and Halvorson",http://www.botsford.com/,1/18/1993,07639 Walter Circle Suite 312,Abeborough,MD,93344
"Oberbrunner, Ankunding and Swaniawski",http://www.goldnermayert.com/,6/9/2007,278 Lehner Stream,West Dennisfurt,CA,68432
Osinski PLC,http://herman.com/,9/6/1978,361 Cathleen Skyway Apt. 201,Katheyville,WI,86281
Morissette-Stracke,http://www.kunzekuhn.com/,6/9/1986,36979 Curley Centers,Harrismouth,LA,14640
Schmitt-Ratke,http://www.daviscollins.com/,8/2/1987,7338 Torphy Court,Port Noemifort,PW,81404
Crooks Inc,http://www.ferry.net/,7/31/2012,5043 Balistreri Shoals Suite 180,Frankburgh,SC,52422
Stehr-Hodkiewicz,http://lehner.biz/,5/16/1996,92227 Borer Row Suite 260,North Clarence,TN,66185
Konopelski-Daniel,http://bogisich.com/,3/22/2007,170 Reed Ramp,North Priceton,IN,98262
Volkman Ltd,http://www.purdy.com/,8/15/1974,7835 O'Conner Drives Suite 546,Hermistonville,NH,83349
"Green, Herzog and Leuschke",http://nitzsche.com/,12/7/2003,3902 Arra Road Suite 339,Port Malakiview,MI,26888
Robel LLC,http://www.wolfkilback.com/,3/2/1991,34143 Klocko Islands Suite 532,Clausland,NE,87829
Turner Ltd,http://hartmann.info/,5/13/2015,737 Gussie Locks,Suziehaven,MI,47016
"Ullrich, Considine and Rosenbaum",http://macejkovic.com/,4/5/1993,62561 Kate Forges Apt. 315,Schimmelmouth,NM,90965
Hickle Inc,http://mclaughlin.com/,5/27/2001,26312 Auer Squares,Robertview,DC,36046
Keebler and Sons,http://www.hayesstracke.net/,8/26/2005,336 Rubi Drive,Cordiaville,GA,10247
Langosh-Mohr,http://www.wolff.com/,6/13/1982,1480 Rodriguez Locks Apt. 595,South Gurneyview,AS,98045
Anderson-Hahn,http://www.barrows.org/,6/27/1990,9720 Altenwerth Road Suite 626,Port Melvinafort,GU,71228
"Shanahan, Heller and Bernier",http://www.bechtelarwehner.biz/,5/29/1982,540 Kunde Place Apt. 307,East Cephus,WY,42105
"Wolff, Bailey and Lueilwitz",http://crona.com/,12/19/2011,155 Parisian Stream Apt. 305,South Steven,OH,85290
"Kuvalis, Schmidt and Klocko",http://reichert.com/,1/29/1979,148 Gulgowski Camp Suite 395,Port Azaria,AK,94680
Turner-Schuppe,http://www.hilpert.net/,5/31/2008,895 Orville Mall,Ziemannton,MA,63471
Breitenberg Inc,http://rice.net/,12/7/1992,97262 Leannon Villages Apt. 524,West Delora,SC,16226
Dickinson PLC,http://dachlehner.com/,12/4/2000,413 Bergstrom Haven Suite 243,Marciefort,NV,18387
Powlowski-Cole,http://vonluettgen.biz/,1/17/2011,6828 Josephine Tunnel Apt. 184,New Remingtonborough,GU,52065
"Trantow, Wolff and Ryan",http://robelkovacek.com/,4/11/2006,16748 Ebert Land,Gislasonfurt,AK,61393
"Lubowitz, Yost and Hodkiewicz",http://www.schmitt.net/,12/24/1976,31289 Fadel Way Suite 821,Lake Ilonaborough,PR,97150
"Bartell, Parker and Bechtelar",http://dibbertorn.com/,12/1/1982,55904 Gusikowski Rue Suite 213,Beckerbury,NC,85536
Konopelski-Kris,http://www.stiedemann.com/,4/20/1970,29729 Torrie Viaduct,Sharonland,RI,66034
Mohr-Schultz,http://thompson.com/,11/23/2009,526 Bartell Cape,Arleyland,MH,73452
Upton Ltd,http://mantecormier.com/,11/21/1983,268 Nia Trail,Gulgowskiview,WV,8985
Effertz-Block,http://www.legros.biz/,10/31/1984,970 Schroeder Village,Lake Luteview,ME,98401
Metz-Muller,http://daugherty.com/,12/24/2009,35682 Jeffie Springs Apt. 783,Port Shaniquashire,AK,43701
"Nitzsche, Greenfelder and Fadel",http://carter.biz/,3/24/1988,5947 Kutch Prairie,Adoniston,KY,9904
"Reichel, Murray and Hyatt",http://walterbahringer.org/,3/22/1983,876 Vernie Crossroad Apt. 394,West Caldoniaport,SC,88665
Langosh-Koch,http://brekketowne.biz/,4/29/1977,72582 Matilde Mountains Apt. 367,West Kameronport,MA,19681
Bergnaum PLC,http://www.parisianmertz.com/,5/26/1971,251 Irwin Gateway Apt. 310,Jajuanbury,MS,80263
"Donnelly, Hintz and Hermiston",http://beckerreichert.com/,11/30/2011,41855 Maggio Port,Strackechester,NM,48291
Hilll-Thiel,http://www.reynolds.com/,4/15/1988,0133 Jaslene Alley,Port Eithelville,ID,43799
"Macejkovic, Zboncak and Johnson",http://predovic.biz/,6/4/2001,3824 Frami Island Suite 893,Jerdestad,SD,33942
Powlowski-Kub,http://baileyjewess.info/,1/25/2003,325 Roob Ridges,Lake Willenechester,OR,5059
Schamberger Group,http://breitenberg.com/,5/28/2002,346 Jacobs Loop Suite 830,D'Amoreside,AK,22795
"Gulgowski, Stoltenberg and Ernser",http://www.larson.biz/,9/15/1981,8490 Cailyn Springs Suite 169,Grayland,WY,67782
Maggio PLC,http://www.white.com/,4/3/1984,140 Norval Circles,South Tamica,UT,31185
Schiller-Nolan,http://simonis.org/,6/8/1999,612 Hayes Pines Suite 504,Rutherfordport,WA,3288
"Schamberger, Gottlieb and Schuster",http://mraz.com/,4/22/2008,90126 Ah Plains,Rowantown,NC,22802
Runte-Dibbert,http://www.heathcoterussel.com/,12/3/1991,43384 Friesen Lake Suite 193,New Gerold,OK,33044
Gerlach Ltd,http://spinkaboehm.com/,6/29/1989,99603 Durwood Common Apt. 175,New Destinyborough,HI,6274
"Lubowitz, Kozey and Hermann",http://www.kemmer.com/,12/18/2008,953 Gabe Meadows Apt. 473,Lake Diallofurt,CT,33442
O'Conner-Cremin,http://lockmancummings.net/,12/22/2003,69304 Zander Wall,East Hailey,AR,41274
Towne Ltd,http://schmeler.com/,5/27/1995,5006 Funk Locks Suite 169,North Leonoraport,DC,94847
"Larson, Ullrich and McKenzie",http://www.dickinson.com/,5/21/2003,668 Richelle Point Apt. 974,Port Berlin,AL,51729
"Osinski, Hilll and Pagac",http://www.nitzsche.com/,4/26/1990,48981 Maury Lakes,Sawaynmouth,ID,3880
O'Connell Ltd,http://www.kilbackfeil.org/,2/27/2007,74213 Alina Junctions Apt. 326,Boehmstad,CO,12142
McLaughlin Inc,http://www.rolfsonzboncak.info/,4/25/2012,7902 Codey Extensions Apt. 833,Alenabury,ND,65118
"Zboncak, Schuster and Schulist",http://www.harriszulauf.com/,4/30/1980,8014 Tangela Heights Apt. 808,Ornland,MA,29480
Roob LLC,http://www.gaylord.com/,7/7/1970,7421 Gaetano Point Apt. 635,New Florentinohaven,OH,25407
"Eichmann, Lubowitz and White",http://www.lueilwitzledner.com/,6/30/1977,061 Kennth River,Parisianbury,AS,88865
Weimann Ltd,http://www.rolfsonlarkin.org/,5/27/1980,0628 Morissette Grove,South Milanland,KY,26444
"Spinka, Pollich and Rath",http://www.heaney.com/,2/3/2002,03521 Kreiger Springs,Estefanymouth,OR,57764
"Pfeffer, Jewess and West",http://www.considine.com/,5/27/1972,45431 Jaiden View,North Suzettemouth,MO,84430
Mueller and Sons,http://mueller.com/,8/12/1999,743 Pagac Tunnel,Andersonfurt,NM,10939
Kohler-Little,http://www.padberg.com/,3/17/1976,45069 Jenni Grove,West Patricamouth,AZ,18144
Huel-Zboncak,http://hagenes.biz/,2/15/1988,397 Lavonne Loaf Apt. 773,Lake Martinside,OK,11442
Kuphal LLC,http://www.mante.com/,12/18/1981,6218 Jarrett Trail,O'Konshire,NJ,1556
Donnelly and Sons,http://www.ankunding.com/,4/5/2011,806 Alysha Loaf,South Susannahshire,IA,94951
Marks-Quitzon,http://dickinson.com/,11/1/2011,219 Shanell Turnpike Suite 645,Hansenstad,MT,40603
Bernier-Schulist,http://www.breitenberg.com/,7/21/1989,68986 Schinner Stream Apt. 850,East Carmella,MP,31507
"Huels, Mohr and Ruecker",http://jacobi.org/,9/7/1985,1593 Catalina Way,Santinochester,OK,39297
Friesen-Hilpert,http://quigleystreich.com/,12/15/1984,913 Greenfelder Junction,Jacqueborough,MA,59816
Rempel LLC,http://www.collier.com/,1/26/2001,4362 Sunshine Mountains Suite 980,North Fedland,MO,29276
Kreiger LLC,http://www.tromp.com/,5/16/1987,873 Gerlach Cliffs,Kaciburgh,IL,9545
"Herman, Ferry and Shields",http://www.mayermurazik.net/,4/29/1999,1019 Merrill Valley Suite 466,New Bernard,AK,28848
Bayer PLC,http://www.kuhn.biz/,8/3/1973,80902 Mosciski Run,Dottiehaven,CO,76015
Wintheiser LLC,http://herzog.org/,5/31/1988,74884 Rutherford Glens Apt. 008,Quintinborough,MO,46997
"Stoltenberg, Schmidt and Terry",http://streichbotsford.org/,7/28/2004,10328 Ples Manor,Lake Loneborough,MN,11990
Heaney Group,http://schroeder.com/,3/6/1999,5283 Silvia Ford Suite 676,Lake Leona,GU,30260
Schiller LLC,http://www.gutkowskimoore.com/,1/9/1991,526 Mahalia Pines,New Nyasia,NC,86346
Bode-Bechtelar,http://www.weber.info/,6/1/1970,29919 Dayana Freeway,Dietrichborough,CT,26213
Kuvalis-Bode,http://trantow.com/,1/5/1985,54789 Wolff Walks,South Siddiechester,SC,19047
Borer-Kunde,http://www.doyleframi.com/,5/13/1971,5864 Jodi Falls,South Desi,LA,60697
Kemmer LLC,http://pagac.com/,9/8/1976,4294 Gleichner Corner Apt. 382,McCulloughstad,FM,23816
Maggio Ltd,http://www.lesch.biz/,4/22/1995,602 Parker Fields Apt. 975,Port Teena,MA,87613
Kris LLC,http://hettinger.com/,7/10/1983,1456 VonRueden Junctions Suite 596,West Wilfredomouth,DE,14347
Klocko and Sons,http://rogahndavis.net/,1/28/1999,550 Shanahan Locks,Sengerview,IL,55085
Hammes and Sons,http://www.wilkinson.info/,2/16/2007,81037 Littel Plaza,Lake Carolina,MI,56432
"Koch, Ledner and Stehr",http://www.turner.net/,5/5/1987,90724 Eda Turnpike,North Jalisa,MI,41440
Walter-Nienow,http://www.bednar.net/,8/16/2002,42318 Danita Square,New Sashahaven,OK,27058
Cummings LLC,http://www.gerholdcormier.net/,3/14/1988,5255 Dedric Plains Suite 001,North Kaelynnville,PA,9023
Price-Mertz,http://www.batzlarkin.com/,5/23/1992,8574 Dominik Glen Suite 803,Alaynaland,MI,71131
"Wilkinson, Kessler and Swift",http://herman.org/,8/7/1983,91550 Libbie Trail,West Lewmouth,MD,6956
"Maggio, Hauck and Boyle",http://www.dare.com/,5/19/1988,3526 Kihn Plaza Suite 693,Sipeston,MN,19894
"Watsica, Denesik and Mueller",http://stracke.net/,4/19/1984,31255 Jerrod Light Apt. 310,Port Gladysbury,MO,71865
Hickle-Denesik,http://www.wolf.info/,2/25/2012,68171 Labadie Mews,North Landanview,IN,97379
Gerlach-Doyle,http://www.tremblay.net/,11/8/1975,0377 Weimann Glen,East Nickolas,AL,24039
Okuneva and Sons,http://www.lang.org/,3/3/2005,48176 Cicero Creek Suite 705,Altenwerthmouth,DC,45096
Marvin-Wilkinson,http://satterfieldhaley.com/,4/25/2001,534 Denesik Neck,Rempelmouth,CO,88290
McLaughlin Inc,http://yundt.net/,11/12/1982,896 Dickens Common Apt. 030,Lake Wendetown,ME,19602
"Goyette, Skiles and Zemlak",http://www.daughertyschmeler.com/,7/15/1998,7972 Preston Lodge,Spurgeonstad,ID,31541
Tremblay-Schuster,http://okunevajenkins.com/,4/17/2004,99975 Schneider Haven Apt. 788,Connside,WA,41792
"Hodkiewicz, Schuster and Powlowski",http://wisozkgaylord.net/,10/30/1972,22462 Jim Valleys Suite 137,Ullrichmouth,HI,3950
Kunze and Sons,http://rogahn.com/,11/18/1984,449 Kennith Ville,North Manda,NC,44658
Bayer-Raynor,http://friesen.net/,12/18/1973,84721 Akira Parks Apt. 586,Laraineburgh,NJ,76440
Beahan-Jakubowski,http://www.boyermclaughlin.com/,3/16/1990,01774 Rochelle Manor Suite 782,Jakubowskitown,AZ,49316
"Moore, Heller and Gerhold",http://bradtke.com/,2/2/1983,07102 Powlowski Radial Apt. 888,South Catrinafort,OH,43430
Jast Group,http://www.friesen.com/,12/23/1980,19020 Kanisha Hollow,Cummeratastad,LA,24157
Collins-Farrell,http://graham.com/,3/22/2015,49762 Lilian Via Apt. 165,Lake Agustusland,VI,19926
Ryan-Farrell,http://kubweimann.org/,5/29/2003,2466 Ephram Stream,Lefflerberg,MD,79465
Frami and Sons,http://koss.com/,11/11/1982,976 Champlin Court,Kaelynnmouth,ME,82402
Herman Inc,http://baumbachkuhlman.info/,1/21/1981,915 Carla Prairie Suite 453,North Ryder,MD,56472
Greenholt-Veum,http://www.koeppbartell.com/,10/20/2011,0104 Grant Shoal,New Joseffort,VT,19373
"Schneider, Breitenberg and Conroy",http://www.rogahn.com/,8/7/1985,491 Al Course,South Lillianton,MI,71718
Hayes Inc,http://hills.com/,5/9/1988,5177 Rolfson Forest,Kiehnfort,MP,16591
Williamson-Hilll,http://harber.info/,8/30/2004,95721 Margene Forge Apt. 194,West Carleton,KS,25843
"Kilback, Farrell and Smith",http://pollichquitzon.com/,9/27/2005,9067 Angelica Plain,Lake Elizahport,LA,88125
Tillman Group,http://daniel.com/,12/6/1993,31660 Bergnaum Flats,North Justyn,IN,34203
Hartmann-Boyle,http://www.gulgowskihessel.com/,4/25/2006,166 Tessa Circle,Bobbiside,WV,97015
"Quitzon, D'Amore and Schaden",http://www.beatty.com/,11/21/1982,8117 Messiah Center,Goodwinchester,OK,94184
Sanford-Bartell,http://lakinbarrows.com/,9/8/2004,5638 Deb Ridges,West Reba,TN,54769
"Runolfsson, Turner and Kuphal",http://considinesimonis.com/,3/31/1994,1227 Treutel Views,West Cecile,GA,24975
"Treutel, Price and Osinski",http://www.cruickshank.com/,3/22/2005,425 Bins Lodge,East Crismouth,NH,34889
Ullrich-Cassin,http://www.wintheiser.net/,2/14/1982,5360 Buckridge Flats Suite 033,East Idellamouth,KS,12006
Metz PLC,http://howell.com/,5/28/1970,4334 Eddie Lodge Apt. 694,Danielchester,NH,81381
"Predovic, Waters and Hand",http://kshlerinankunding.biz/,5/14/2005,92473 Vicie Haven,Grantstad,AL,87485
"Jacobs, Conroy and Kihn",http://hilll.com/,2/10/2012,789 Phoebe Islands Apt. 728,East Sandyport,HI,39242
Stehr-Hettinger,http://mills.com/,10/17/1981,681 Mae Ridges,Levinabury,TN,10446
Sanford-Schaden,http://harvey.com/,7/30/1997,850 Colin Viaduct Suite 906,Hammesfort,WY,22437
Metz Inc,http://www.sauerboyer.com/,10/4/2001,61400 Cannie Village Apt. 909,Harvefurt,DC,55459
Braun-McClure,http://www.kochrice.com/,8/13/1972,633 Klein Junctions Apt. 313,West Christenebury,NC,5593
Strosin-McDermott,http://www.lesch.org/,7/8/2001,6654 Rath Brook,West Lonniefort,DE,90700
Wyman LLC,http://gulgowski.com/,12/31/1993,12815 Ryan Mill Suite 654,Kelsibury,MP,24960
"Bosco, Morissette and Hilll",http://www.schneider.biz/,10/10/1989,4597 Swift Summit Suite 602,South Charls,MA,6937
"Mertz, Koepp and Jewess",http://www.friesen.net/,5/24/1998,4652 Rowe Summit Suite 551,Lamarborough,VI,69813
"Schoen, Ratke and Macejkovic",http://fay.com/,2/3/2003,6846 Dionte Glen Apt. 687,Lavonamouth,MH,87311
"Sauer, Kshlerin and Bauch",http://www.hilpert.com/,5/13/1971,704 Kathy Causeway Suite 796,Raeland,VA,88666
Morissette-Yundt,http://www.konopelskiwatsica.com/,3/12/1973,7764 Bode Gateway Suite 515,Olsonburgh,NY,73871
Lockman-Wisoky,http://www.adams.com/,7/5/1998,62299 Manila Haven,New Netta,AZ,28643
Zboncak-Predovic,http://wintheiser.net/,3/22/2001,118 Marcus Gateway,Port Adelynn,ME,11400
Jaskolski Ltd,http://www.pollichgislason.info/,7/19/1977,62899 Lamonte Dale,East Sarahmouth,NM,10293
Grimes LLC,http://www.rolfson.com/,3/26/2011,269 Marsh Inlet Apt. 732,Gutkowskishire,MH,95331
Okuneva PLC,http://www.littlehartmann.com/,7/8/2003,6588 Betha Valley Apt. 495,Lehnerton,PR,14751
Bergstrom Inc,http://www.koelpin.info/,1/25/1995,73499 Earlie Parkways Suite 006,Lennieside,IL,66495
Waters-Zieme,http://www.spinka.com/,3/21/1977,692 Elisabeth Port,New Issac,WV,6387
Botsford Group,http://denesikfarrell.com/,9/15/1996,385 Lesa Corners Suite 019,Genetown,OR,65400
Hegmann Inc,http://www.hellerrau.com/,6/18/1985,657 Maybelle Fork,West Luckyburgh,OR,54249
Hyatt LLC,http://www.rathlarkin.com/,6/27/1986,056 Abbott Spurs,Denesikport,MH,46339
Farrell and Sons,http://nikolaus.com/,9/14/1973,530 Manila Orchard,Lake Lindseyton,WY,57761
Volkman and Sons,http://nolan.org/,5/26/2015,54132 Delores Shoal Apt. 990,West Tiarrafort,AS,69992
"White, Hayes and Sipes",http://ryan.com/,8/7/1985,0652 Arlyne Loop Suite 439,Cathleenside,CA,73904
"Crist, Hegmann and Powlowski",http://wolf.org/,11/12/2012,688 Halie Cliffs Apt. 544,Kihnland,AK,85731
Reichel Ltd,http://jacobskub.com/,10/15/2000,763 Evertt Light Apt. 308,Wizatown,OK,90156
"Schaden, Osinski and Bauch",http://nicolas.info/,7/28/2008,55977 Glenn Street,New Grayce,MA,84839
"Beatty, Tillman and Block",http://www.cruickshank.com/,10/12/2015,0208 Dannielle Ridges,Port Antony,NH,15447
Wuckert Group,http://www.kris.net/,8/4/1983,01127 Darvin Walks Apt. 130,Salinachester,VA,46433
Klein-Kohler,http://osinski.org/,12/24/2003,31299 Bernhard Ridge,McCulloughport,IA,71212
"Rowe, Jenkins and Schuster",http://www.haley.com/,7/24/1977,1113 Emard Creek,Port Aime,ND,38519
Batz-Franecki,http://www.vandervort.biz/,2/20/1975,9511 Ermine Trafficway,Hellerchester,VI,41555
Wehner-Steuber,http://schmelerturner.com/,8/15/2001,74355 Adel Mills Apt. 769,Trevinshire,DE,51512
Kuhic-Towne,http://www.purdy.com/,12/2/1995,97388 Alger Ferry,Port Lashundastad,OR,36886
Cummings Group,http://www.wyman.com/,5/20/1978,824 Dossie Motorway,West Ryleeside,AR,47537
DuBuque PLC,http://marquardtherman.net/,10/18/1985,210 Evie Harbor Apt. 826,East Octaveborough,ID,52193
Price Inc,http://www.mcclure.org/,10/31/2003,253 Leannon Curve,North Tamela,NC,63055
"Auer, Baumbach and Hilll",http://www.lowe.info/,7/9/1974,6071 Barton Plains,East Victory,MN,19789
"Schamberger, Cummerata and Funk",http://www.labadie.com/,9/18/2001,644 Caroline Cape,Lake Collier,VA,94883
Williamson PLC,http://nader.org/,7/1/1970,8582 Pagac Trace Apt. 853,Murazikview,VT,16381
Stracke Ltd,http://www.hilpert.com/,7/26/1970,1934 Graham Rapid Apt. 318,West Celinetown,MA,74726
Schumm LLC,http://roob.com/,4/18/2015,39795 Barrows Burgs,Wizafort,OR,49884
Abshire PLC,http://www.mullercronin.com/,9/26/1970,58121 Schuster Avenue Suite 125,Marksfort,RI,47423
Bradtke Group,http://willms.com/,5/27/1996,391 Will Drives,East Aubrie,AR,87031
Stroman and Sons,http://hyattshields.com/,5/17/2012,76384 Briana Shoals Apt. 010,South Charlystad,GU,57813
Lesch-Schoen,http://www.hyatt.info/,3/7/1979,337 Kulas Crest Apt. 836,Brennafurt,AK,30241
"Flatley, Hagenes and Koepp",http://schambergerbeier.info/,1/22/1971,002 Muller Heights Apt. 168,Markelbury,MT,45420
Labadie Ltd,http://hilpert.com/,8/4/2001,07486 Smitham Port,Heathcotetown,MN,79342
Dibbert-Robel,http://jerdemarvin.biz/,2/22/2010,9710 Sanford Circle,New Shade,MS,46515
Flatley PLC,http://mitchellheidenreich.info/,6/23/1984,957 Bergstrom Lodge Apt. 358,Merilynborough,IA,51986
Gusikowski and Sons,http://www.koelpin.info/,4/26/1978,2467 Blaine Causeway Suite 421,Janfort,PW,87732
Daugherty-Berge,http://kautzer.org/,11/10/1974,58242 Ayesha Forks Suite 816,Lonnieville,NC,92658
Herzog LLC,http://www.torphy.com/,11/23/1976,14334 Pablo Canyon,Lake Bernetta,HI,38445
"Stokes, Donnelly and Kertzmann",http://carroll.com/,12/4/2013,6017 Blossom Light Apt. 296,Whiteside,VI,31053
Hilll-Johns,http://www.bogisich.com/,10/25/1996,076 Hauck Union,Schillerfort,IL,79185
O'Reilly-Bartell,http://www.cremin.com/,3/8/1984,466 Crona Fall,Lake Pam,MS,55874
Sipes-Bayer,http://gleichner.net/,5/29/1976,74663 Doyle Radial Apt. 172,Maryloufurt,OR,83916
Wehner-Leannon,http://www.watsicasporer.org/,5/29/1999,969 Adams Plains Apt. 243,Hayleighhaven,NJ,75444
Becker-Gutmann,http://www.stark.org/,5/31/1991,857 Caron Run,Corneliousport,LA,13820
Johns Group,http://funk.com/,2/18/1982,2685 Lilla Hills,Skylarside,AZ,98736
"Predovic, Windler and Gaylord",http://rippin.info/,1/15/1993,727 Rayshawn Lodge Apt. 105,Fabiolaport,AL,58423
"Dare, Jones and Kris",http://www.blick.net/,12/10/2002,9257 Rippin Green Suite 619,East Arielle,MT,95890
"Jaskolski, Hackett and Beatty",http://www.hansen.biz/,7/25/1970,98766 Tory Mount Suite 108,East Margy,CA,9220
Murazik Ltd,http://www.dickens.com/,7/26/1976,511 Kaye Tunnel Apt. 721,Walkerton,IA,48624
Fritsch Group,http://www.bechtelar.info/,5/11/1993,903 Goyette Shore Apt. 547,Port Lesa,MT,64498
"Hudson, Von and Baumbach",http://hyatt.info/,4/20/2008,930 Latrina Passage,Willmsport,SD,35497
"O'Connell, Green and Christiansen",http://www.sawayn.com/,1/12/1977,279 Tremayne Lock,East Angelomouth,PR,1079
Schimmel PLC,http://ankundingmayer.biz/,12/6/1994,8918 Avis Port Apt. 750,Julianaland,CA,56423
"Blanda, Weimann and Kovacek",http://wolff.com/,5/15/2009,62772 Koepp Mount Suite 205,Pateville,CA,33097
Gerhold-Nitzsche,http://www.gibson.biz/,11/17/2006,381 Ole Courts,Andyshire,MT,42380
Hessel-Harris,http://morar.com/,4/2/1980,727 Denise Corners,Yostton,VA,72053
Hyatt-Buckridge,http://corwin.com/,8/21/1990,962 Koss Overpass Suite 998,Hayesberg,GU,90101
Davis PLC,http://kunze.net/,12/25/2009,456 Williams Fields,East Anders,VA,50808
Steuber PLC,http://ondricka.com/,10/6/2014,24833 Tyson River Suite 184,Renitaborough,FM,85239
"Purdy, Keebler and Hammes",http://kuhn.com/,8/15/2011,963 Gerhold Stravenue,Jodietown,MP,2656
"Christiansen, Bradtke and Mitchell",http://johnson.com/,12/2/1998,3715 Noel Highway,Deannehaven,TX,39094
"Davis, Kuvalis and Walsh",http://www.hauck.net/,7/29/1970,242 Parker Springs Suite 875,Kleinfort,OR,59399
Stracke and Sons,http://flatleyschulist.com/,7/7/1985,85826 Braeden Circles,Eichmannchester,AK,30299
"Maggio, Reichert and Senger",http://king.com/,10/21/2012,417 Shanahan Divide,Rauhaven,IN,56407
Corkery-Funk,http://www.langworth.com/,7/19/2014,164 Justin Stream,New Liza,PW,31891
Ullrich and Sons,http://www.crist.com/,1/23/1986,8727 Ratke Islands,Brunostad,OK,12164
Purdy-Dicki,http://legrosklein.org/,9/22/1987,2676 Kristyn Turnpike Apt. 119,Lake Audy,WA,21538
"Stanton, Collins and Roob",http://www.barton.com/,11/3/1982,1316 Hilpert Locks,Goodwinville,MI,95141
Wolff-Stroman,http://www.howell.biz/,1/13/1985,14494 Emmerich Plains Apt. 035,South Troyville,OK,51719
Gutmann and Sons,http://www.bartell.biz/,8/10/2005,89008 Mannie Prairie,Maverickburgh,FM,61802
O'Keefe-Rice,http://www.lueilwitz.biz/,5/21/1998,986 Nunzio Square,West Atlasmouth,ME,84089
Thompson-Muller,http://okunevaokuneva.com/,5/20/2000,75004 Kuphal Loop,Lake Baron,IL,50816
"Purdy, Hermann and Will",http://www.mueller.net/,12/18/1995,28699 Georgeanna Shoals,Macarthurfurt,NC,61087
"Hodkiewicz, Waters and Franecki",http://reingerdietrich.org/,10/20/1992,0377 Nylah Squares Suite 629,Port Beemouth,FL,79469
Pfannerstill Group,http://www.dooley.com/,9/26/2008,11860 Jaskolski Stream,North Savanafort,TN,30322
"Bins, Kunze and Hansen",http://www.schneider.com/,7/6/1992,3290 Madilyn Station,Port Kameronburgh,AR,51734
Abernathy Inc,http://stanton.org/,2/1/2005,8958 Duwayne Garden Suite 725,Klockoview,PA,47597
Collins Inc,http://erdman.info/,10/3/1991,4088 Vada Spur,North Marisa,NE,17819
"Lang, McGlynn and Gerlach",http://hahndenesik.biz/,9/19/1980,86008 Kling Gateway Apt. 179,New Valentinetown,NH,33855
Rath-Heidenreich,http://www.heller.biz/,9/25/1976,4089 Paucek Mills Apt. 029,Lavarbury,OR,41735
Simonis-Sanford,http://goyetteroob.com/,6/22/1971,9086 Emma Causeway,Lake Almerview,TN,85443
Hartmann-Schoen,http://mantewilkinson.info/,7/18/2007,7633 Morar Way Suite 620,Tomamouth,WY,85299
Batz Ltd,http://nitzsche.org/,8/21/1986,4098 Harvey Course,Jerimiahchester,IA,41168
"Lubowitz, Glover and Howe",http://hartmann.com/,1/10/2002,83799 Kautzer Road Apt. 539,New Rexford,WY,60616
West Group,http://graham.org/,2/19/2000,541 Schaden Motorway,Boganstad,LA,17208
Medhurst Group,http://www.lynch.com/,7/22/1971,49013 Lindgren Gateway Suite 877,Ziemeburgh,MD,55920
Roberts-Vandervort,http://oreilly.biz/,3/13/1994,3714 Smith Shoal Suite 975,Zillahchester,MN,13895
Kulas Ltd,http://www.gutmann.net/,10/6/2015,527 Channie Unions,Marksshire,PW,6107
Mann Ltd,http://www.mcclureledner.com/,5/19/1970,5728 Amie Club Apt. 096,Rippintown,AZ,99009
Maggio Ltd,http://www.kutch.biz/,12/9/2007,14207 Abernathy Loop,Darrianborough,OK,95338
"Predovic, Moore and Wuckert",http://www.cruickshankblanda.biz/,8/9/1998,37914 Sarai Ports Apt. 784,North Mara,NY,9732
"Mertz, Osinski and Gutkowski",http://pfefferkertzmann.com/,7/3/1975,2148 Paisley Knoll Suite 859,South Lucinamouth,HI,10937
"Streich, Sauer and Sawayn",http://williamson.com/,9/2/1990,466 Mohr Port Suite 587,Lake Stephenieberg,NY,61637
Trantow-Koelpin,http://www.schaden.net/,9/15/2014,13936 Metz Tunnel Suite 865,Drucillaville,SD,23032
Nolan-Lesch,http://www.terrymedhurst.com/,12/3/1998,469 Paucek Course Suite 046,Port Kathryne,MD,82912
"Kub, Kassulke and Donnelly",http://www.mosciskimccullough.com/,6/15/1973,9805 Jodi Dam Suite 176,Port Jaceymouth,TX,40411
Turcotte PLC,http://www.larkin.com/,1/27/2001,5800 Kathey Mountain Apt. 358,Port Rhodaville,AK,78075
Sipes-Shanahan,http://www.stanton.com/,7/25/2010,92374 Kemmer Shoal Suite 150,Isisland,NM,52144
Lubowitz-Lehner,http://www.muellerrolfson.com/,9/20/1985,5408 Cummerata Estate,New Sheridan,NE,93328
"Hackett, Deckow and Spinka",http://www.mitchell.org/,11/7/2002,66935 Jayde Green Apt. 162,Leaburgh,CO,56235
"Smith, Nitzsche and Towne",http://www.koelpinkrajcik.com/,4/8/2000,9003 McClure Bridge,Wuckertborough,TN,48303
Lind-Roob,http://koelpin.biz/,6/13/1976,391 Darryll Ports,Richmondfort,FM,33952
Zemlak-Schmitt,http://www.nienowschinner.net/,1/5/1970,9988 Kirlin Vista,Autherborough,IL,5070
Gorczany-Zboncak,http://www.heidenreich.com/,9/22/1983,974 Caylee Vista,Schultzchester,AL,84517
Wunsch-Jerde,http://watsicabarrows.org/,3/22/1979,2508 Block Square Suite 777,Spencermouth,NH,6246
"Frami, Friesen and Watsica",http://www.wehner.com/,6/11/1980,93000 Mariel Expressway,Janellstad,KY,27234
Armstrong Ltd,http://wisoky.org/,9/13/2011,605 Toy Course Suite 230,East Riley,WY,7282
"Boehm, Wyman and Schaden",http://mcdermott.com/,5/26/1972,99950 Dach Isle Suite 449,Lake Hollisfurt,PR,30585
Beier-Predovic,http://www.frami.com/,9/10/1975,0600 London Road,South Aubrey,MA,86309
"Gulgowski, Powlowski and Boyer",http://purdy.info/,4/20/1982,2182 Bruen Views Apt. 802,Javierbury,KS,90758
Kirlin-Rau,http://www.smitham.info/,3/17/1987,724 Rasheed Hill Apt. 245,Pagacmouth,FL,58450
Heller PLC,http://www.hilll.org/,3/13/1995,1307 Jami Stravenue Apt. 308,Streichview,WV,85044
Lowe-Reichert,http://www.sanford.com/,4/24/1994,32079 Kuvalis Forks Suite 292,Gutmannhaven,CO,94329
Reichert LLC,http://hamill.org/,6/12/2014,46930 Washington Brook,North Nigel,WY,50679
"Steuber, Trantow and Tromp",http://koeppbogisich.org/,8/26/1995,0248 Lorene Plains,East Yasmin,WA,19169
"Lindgren, Boehm and Ebert",http://altenwerth.net/,5/12/1981,7066 Chantel Brooks,East Winston,WY,3017
"Lakin, Carroll and Fay",http://www.blick.biz/,3/5/2005,563 Lonie Pike Apt. 581,Bashirianfurt,MO,75088
Macejkovic and Sons,http://www.kuhlman.com/,5/14/1972,52170 Amma Freeway,West Bradynport,MS,15755
Mueller LLC,http://harrisschinner.info/,6/10/2014,74099 Lynch Parkways Suite 914,Schimmelfurt,FL,43339
"Kunze, McDermott and Ebert",http://schimmel.com/,10/6/1990,0070 Kayla Pass,Rutherfordport,IA,16932
Schroeder-Roob,http://www.nitzsche.biz/,5/14/1974,6101 Marks Rapid,Deondrebury,NM,76497
"Waters, Dickinson and Ernser",http://www.leffler.org/,4/16/2007,174 Georgina Lane Suite 492,North Jeffie,OH,45981
Weissnat-Murray,http://www.hackett.org/,10/13/2001,62002 Erastus Drive Apt. 167,Keiferborough,PW,6091
Sanford PLC,http://www.predovic.com/,3/15/1975,993 Bret Circles,Lake Byrdie,KS,70566
McCullough-Wiza,http://mcglynnnitzsche.biz/,12/27/2013,57014 Wisoky Junction Apt. 945,Port Laciview,LA,50692
"Mitchell, Casper and Hahn",http://www.adams.com/,2/2/2007,891 Ardell Village,East Melvinaside,NH,66418
"Kuhn, Leffler and Hirthe",http://www.harber.com/,5/29/1999,361 Maximiliano Field,Petraborough,CO,12185
"Bernhard, Schiller and Heller",http://www.gaylordgoodwin.com/,3/10/1979,26357 Nelia Drive,East Amyville,NM,45489
Boyer Inc,http://www.hesselgreen.net/,10/28/1974,3581 Dooley Shore Apt. 542,Lake Fleeta,NY,35725
"Anderson, Nienow and Powlowski",http://www.deckow.biz/,6/11/2008,8692 Tayler Ford Apt. 046,East Arlenshire,TN,93893
Kilback PLC,http://www.gaylord.com/,10/26/1985,040 Veum Forges,New Concha,FM,69475
Beer-Beahan,http://www.strosinpollich.com/,9/18/1998,042 Riya Knolls,Mackenziefurt,LA,87531
Stroman and Sons,http://willms.biz/,4/4/1980,641 Maya Forest Suite 101,West Kristinshire,GA,19944
"Reynolds, Gusikowski and Runolfsdottir",http://marquardt.info/,10/30/1975,1569 D'Amore Way,Darienton,KY,36167
"Trantow, Effertz and Corkery",http://www.robertsroob.com/,5/15/1980,1027 Iverson Stravenue Apt. 004,North Peggieview,NV,50554
Cartwright Inc,http://mitchell.com/,12/14/1982,8098 Huels Villages,New Kathieside,KY,74872
Greenfelder PLC,http://nitzsche.com/,8/7/1975,8615 Carry Prairie Suite 087,Port Aimee,WV,5415
Ferry PLC,http://www.marks.net/,1/25/1987,846 DuBuque Prairie Apt. 556,Kochshire,OR,36713
"Satterfield, Farrell and Cole",http://www.kovacek.org/,1/21/1983,988 Brooklynn Junction Apt. 870,Port Concepcion,GA,80897
Mosciski Inc,http://www.turner.org/,6/28/1987,26622 Hermann Vista Apt. 554,North Elaine,MD,76676
"Runolfsdottir, Schmidt and Wilderman",http://www.schaefer.net/,7/23/1995,396 Stoltenberg Centers,New Caryn,VA,75141
Hagenes PLC,http://www.wiegand.com/,4/30/1970,452 Gusikowski Inlet,South Kaelhaven,AR,45006
"Wintheiser, Torp and Pollich",http://www.rodriguez.info/,7/18/1978,0391 Bev Centers Suite 629,Cartwrightstad,PA,45391
"Denesik, Welch and Koss",http://bodekuvalis.net/,11/28/1980,568 Payton Unions Suite 874,Odalysberg,MO,49453
"Schoen, Osinski and O'Reilly",http://www.goyette.info/,9/7/1992,1448 Bailey Common,Kenmouth,NM,16549
"Strosin, Mosciski and Leffler",http://cassinmiller.info/,3/24/2006,10439 Raynor Summit,East Nancie,MH,11157
Parker-Bosco,http://kuvalismcglynn.com/,4/26/2006,9789 Colby Ports,Port Moseshaven,GA,3770
Jerde-Frami,http://bednar.com/,5/29/1985,31077 Green Loaf Suite 536,South Koenland,ND,2707
Marquardt-Turner,http://kessler.com/,5/8/2011,23490 Streich Knoll Apt. 307,Gabriellaburgh,SC,51699
Schiller-O'Connell,http://gottlieb.com/,8/14/1985,37887 Jerel Ports,Orvelmouth,LA,75812
Schinner PLC,http://anderson.com/,7/28/1995,4603 Reinger Island,Veumview,FM,37575
Moore PLC,http://www.runolfsson.com/,9/1/2011,407 Clemens Camp Apt. 134,Jameelville,PA,84523
"Barton, Feil and Nikolaus",http://paucek.com/,1/30/2004,3761 Dorotha Passage,Adanstad,OR,31978
Strosin-Carter,http://www.kossrunolfsson.com/,9/13/1972,9535 Mireya Wall Apt. 399,Bergstromview,ND,3621
Dach PLC,http://www.dach.com/,2/17/2014,984 Jacobi Valley Suite 729,Aleshaborough,ID,98526
Kuhlman-Reichel,http://www.greenholt.com/,9/29/1998,948 Karyme Mews,Alvieland,PW,25408
"Nikolaus, Oberbrunner and Schowalter",http://www.rogahngibson.net/,6/4/1992,156 Torphy Spurs,Madysonfurt,AL,81190
Witting-Reynolds,http://cummings.com/,9/2/1975,88056 Heaney Estate Suite 018,Ratkechester,AZ,2719
"Abshire, Hoppe and Roob",http://runolfssonkreiger.org/,4/30/2012,81777 Kimberley Ferry Apt. 605,Port Bonnyport,GA,24031
Conroy-Crooks,http://www.swiftlockman.info/,9/4/1990,20962 Bernier Creek Suite 034,Port Orisshire,TN,87930
Miller LLC,http://spencer.biz/,2/20/2015,58324 Samatha Camp,Pfannerstillborough,NH,9600
Olson-Hansen,http://goyette.com/,8/30/1998,89915 Lilia Parks,Port Montrell,SC,16620
Blick-Lakin,http://oconnell.com/,8/2/2010,3054 Simmie Manors Apt. 447,East Taya,MA,82982
Bahringer-Ortiz,http://www.westwintheiser.net/,8/16/1977,8169 Stark Islands,Jacobihaven,KY,78929
Batz and Sons,http://www.townehickle.com/,7/11/1991,21466 Thiel Plains Apt. 352,Jakaylahaven,AR,86522
Orn PLC,http://collinsritchie.com/,5/4/2013,75111 Spinka Locks,Stetsonside,CO,77792
McClure LLC,http://www.treutel.com/,7/21/1970,88121 Matias Highway,Kuhnchester,ND,73732
Cremin PLC,http://www.conroy.com/,12/16/1990,47231 Emard Plain Apt. 762,Paulinamouth,CO,97035
McClure-Schneider,http://www.schulist.com/,8/21/1977,878 Lucretia Rapid,East Laurinefort,CT,2053
"Homenick, Marks and Bailey",http://www.ullrichweimann.com/,7/22/1987,22034 Estevan Tunnel,Lake Terryberg,PR,32939
"Buckridge, Christiansen and Bergnaum",http://millskunde.com/,6/7/1975,3470 Hane Pine,North Rushton,MS,8501
Schowalter-Abernathy,http://www.glover.org/,11/9/1994,823 Graham Creek Suite 559,Chrisshire,ME,17265
"O'Keefe, Torp and Rolfson",http://www.murazik.com/,11/4/1971,70087 Roob Center Apt. 295,West Linnietown,AZ,49255
Roberts PLC,http://howell.info/,8/27/1982,686 Alvia Meadows,West Delos,SC,39134
"Olson, Wilkinson and Hartmann",http://satterfieldcarter.info/,10/4/1982,00371 Howell Ford Apt. 726,Christaberg,NV,16851
Quigley-Kihn,http://www.buckridge.com/,4/9/1998,56989 Camren Route Apt. 283,New Yareli,NM,89991
Rice Inc,http://kuhn.com/,8/9/1990,31936 Craig Prairie Suite 601,North Mercerberg,RI,94880
Beatty-Dach,http://klein.biz/,7/9/1978,50618 Augusta Drive,Shanellland,NE,23065
Rau-Cole,http://www.heaney.net/,4/6/1980,91327 Blanda Inlet,Purdyfurt,ID,25345
Thiel Inc,http://tillman.info/,8/19/2007,1211 Francisca Ramp,East Duncanfurt,LA,66343
Larson PLC,http://schulistjast.com/,12/18/1995,549 Kallie Groves Suite 787,O'Connellborough,DE,50810
Tillman-Nienow,http://www.homenick.com/,1/10/2004,78644 Spinka Meadows Apt. 995,Lubowitzmouth,ID,63531
Steuber Group,http://www.pagac.com/,11/22/1970,63737 Squire Ranch Suite 273,South Michelview,OR,51640
"Wunsch, Spencer and Jacobi",http://greenholt.com/,7/12/1972,0414 Kohler Estate,O'Keefeton,CA,52594
Smith-Deckow,http://labadie.info/,3/13/1999,6965 Franecki View,Toyville,GU,85773
Goyette-Farrell,http://www.stoltenbergstreich.net/,11/7/1989,19007 Watsica Rapids Suite 551,Effertztown,MD,90892
"Abbott, Lockman and Mosciski",http://www.goodwin.net/,6/19/1973,06046 Gleichner Turnpike Apt. 666,South Rosalineton,ND,25888
Kunze Group,http://jacobsgulgowski.info/,7/17/1998,37687 Nicolas Vista Apt. 987,New Louveniaside,LA,39251
"Torp, Fay and Strosin",http://klingcasper.com/,3/24/1974,6224 Hyatt Drive,Trudieberg,PR,44782
Herzog and Sons,http://www.farrell.biz/,10/17/1971,6612 O'Connell Shores Apt. 668,Thresaville,SC,4409
Greenfelder LLC,http://www.doyle.info/,10/9/2002,004 Schulist Locks,Heaneyside,WV,41687
Kunde and Sons,http://hyatt.biz/,5/13/2006,0987 Lindgren Spring Apt. 392,South Danielahaven,MI,82188
Lebsack-Lockman,http://www.pfannerstill.com/,12/28/2012,842 Crist Turnpike,New Lenastad,KS,69308
"Bahringer, Bauch and Kreiger",http://www.jacobsonaltenwerth.biz/,7/19/2005,121 Fritsch Locks,West Chanel,IA,64409
Buckridge PLC,http://www.pfannerstill.com/,3/16/2007,0883 Jacobi Vista,Cartwrightview,WV,26581
"Smitham, Hilll and O'Keefe",http://mertz.biz/,12/15/2002,435 Steuber Loaf,Toshaton,AL,82066
Murphy-Swaniawski,http://www.botsfordskiles.info/,9/1/1999,429 Crooks Spurs Suite 551,East Ilma,NM,22079
"Pacocha, Koss and Blanda",http://www.morar.com/,1/1/1993,120 Corrine Fields,Pfefferburgh,VT,77472
White Inc,http://www.goldner.com/,7/31/1989,75916 Charlottie Park Suite 582,Deloshaven,VT,6775
Harvey-Balistreri,http://kessler.info/,2/8/2002,4122 Harris Plains,New Mitchel,WI,21680
"Wuckert, Raynor and Quitzon",http://ryanrussel.com/,2/15/1983,9347 Moore Locks Suite 458,West Brionnashire,AZ,90692
"Pouros, Collier and Upton",http://www.friesen.com/,4/14/2008,934 Georgeann Union Apt. 416,Kartermouth,PW,41559
Fay Group,http://prohaska.com/,2/24/1980,322 Rock Light,South Roseyborough,KS,96634
Morar and Sons,http://renner.net/,7/24/2002,315 Shamar Stream Suite 661,East Ardithside,NE,53847
Schaefer-Sawayn,http://schoen.com/,2/21/2002,0531 Lily Islands Suite 221,East Lavonia,FL,44431
"Rutherford, Considine and Weber",http://www.baumbach.net/,2/11/1980,9045 Brown Parkway Apt. 060,Daylefurt,IL,5463
Hills Ltd,http://www.sporerkonopelski.org/,7/20/1987,32987 Batz Shoal Suite 300,Kanishaside,CO,65465
Will Group,http://www.kuhneichmann.net/,6/16/1992,9766 Luvenia Harbors,South Reese,GU,37652
Kiehn-Daugherty,http://pfannerstill.info/,6/3/1973,1277 Lubowitz Divide,Lefflerside,NY,86376
Prosacco Ltd,http://vonruedencarter.com/,10/9/2005,818 Sommer Mountains Suite 396,East Leslie,NY,41872
"Jacobson, Bogisich and Bahringer",http://www.brown.info/,2/4/2013,71130 Hermiston Burg,South Mervinland,VI,9741
Hudson-Grimes,http://schaefer.com/,3/5/1987,5206 Rene Flats Apt. 744,East Austen,NJ,62500
"Hayes, McGlynn and Walsh",http://www.lesch.biz/,8/26/1986,6289 Littel Greens,Dickburgh,NJ,55165
"Kuhic, Koepp and Carter",http://www.langworthreinger.com/,9/17/2006,28197 Deron Bypass,Rueckerstad,AR,85406
Sipes PLC,http://www.bednarspinka.com/,11/19/2005,48377 Koepp Square Suite 479,Krisborough,HI,55873
Daniel-Keeling,http://www.mcclure.info/,3/9/1997,2385 Damond Stravenue,South Pearliemouth,RI,64381
Heaney Group,http://ritchie.net/,1/12/1999,79106 Morar Manor Suite 090,Sophieshire,HI,8901
Terry-Wehner,http://www.abshirekuvalis.com/,8/11/2008,877 Clemma Plains Apt. 269,Port Sydnee,VA,45593
D'Amore Group,http://www.nolanwest.biz/,12/19/1979,15223 Juan Meadow Suite 675,North Donnie,NY,60113
Robel-Schmitt,http://www.okon.com/,12/14/1991,975 Gulgowski Brooks Suite 054,Beckyton,FM,88042
Gibson-Upton,http://www.homenicklind.com/,7/30/1989,368 Octavia Ranch Suite 561,Kayaburgh,RI,73394
Cassin Inc,http://wehner.biz/,10/22/1975,09745 O'Connell Camp Suite 155,New Johnpaul,SC,85844
Heathcote-Mayer,http://hickle.com/,8/4/1983,066 Millie Prairie Apt. 911,New Jadyn,NJ,35602
Daniel Group,http://kerlukecorkery.net/,12/14/1989,513 Osie Via,Treutelhaven,RI,73163
Senger-Padberg,http://bogan.com/,8/21/2014,3730 Smith Keys,Dominickside,UT,80414
Price PLC,http://www.kiehn.com/,8/9/1986,1283 Bogisich Canyon,Spencermouth,IL,58734
"Ernser, Feest and Bailey",http://www.beckerpaucek.com/,5/18/2003,63459 Kris Roads,North Adolphstad,AR,38490
"Flatley, Veum and Watsica",http://crookscruickshank.org/,7/10/2015,296 Williamson Land Suite 674,Port Kyrie,ME,95967
"Schulist, Davis and Prosacco",http://boyer.com/,6/16/1976,8522 Medhurst Ports Suite 571,East Lidiaview,MP,19359
"O'Connell, Christiansen and Schamberger",http://www.bogangrimes.com/,3/12/1970,8538 Aufderhar Flat Apt. 713,Latricechester,GA,30314
Nienow-Kuvalis,http://orn.biz/,2/5/2005,3572 Lexie Falls,Lucindyfort,KS,48993
Harber LLC,http://heidenreich.org/,12/25/1994,6897 Hildegarde Crescent,East Bertie,CT,20980
Miller PLC,http://pacocha.info/,10/2/1972,8013 Grimes Route Apt. 796,West Emmaline,DC,48033
"Bosco, Kemmer and Schiller",http://littelbalistreri.com/,5/8/1970,51381 Bauch Lights,New Harryborough,FL,53115
Gorczany-Fadel,http://legros.biz/,7/22/1999,182 Melbourne Pike,Kathyberg,MI,93044
Fadel PLC,http://www.hammeshegmann.net/,7/22/2013,532 Brion Throughway,Granthaven,AL,30879
Hackett-Olson,http://www.cristjacobs.net/,5/23/1983,4313 Rutherford Crescent Suite 336,Alfonzostad,GU,49996
Kshlerin and Sons,http://www.mckenzie.com/,1/14/1972,934 Witting Vista,Victoriafurt,KY,91848
"Gleason, Johnston and Kovacek",http://www.kilback.com/,8/25/2002,6513 Marjorie Landing Apt. 673,East Mathews,IN,93964
"Carter, Effertz and Boehm",http://www.blick.com/,10/6/2007,018 Nash Forks Suite 799,Colettachester,ID,68519
Morissette Group,http://www.davismayert.com/,7/6/2007,58043 Norene Fort,Raushire,LA,4933
Treutel-Kovacek,http://www.cummerata.com/,10/31/1994,8775 Cassin Plaza,Tobiasville,KY,35300
"Kreiger, Bahringer and Bradtke",http://conroy.com/,9/4/1980,912 Henderson Circle,Gottliebstad,OK,70910
"Luettgen, Lind and Kiehn",http://www.wunsch.com/,2/27/1989,30386 Borer Mews Suite 668,New Jeryl,AS,51546
"Stiedemann, Hyatt and Schinner",http://www.willms.com/,10/21/2015,97523 Metz Points Apt. 366,North Reasonport,WV,50678
